make,model,year,mileage,engine_hp,transmission,fuel_type,drivetrain,body_type,exterior_color,interior_color,owner_count,accident_history,seller_type,condition,trim,vehicle_age,mileage_per_year,brand_popularity,price
19,1,2018,94000,181,0,1,0,3,2,3,5,2,0,2,1,7,13428.57142857143,0.040148,19226.82
18,68,2021,94190,464,1,1,1,5,0,3,2,2,0,0,5,4,23547.5,0.04021,60435.02
1,7,2020,76853,325,1,0,0,5,3,2,1,2,1,1,5,5,15370.6,0.040022,28708.28
19,0,2017,109290,223,1,2,2,3,4,0,5,2,0,2,5,8,13661.25,0.040148,18938.64
7,39,2019,40701,212,0,2,0,4,4,3,3,2,1,2,2,6,6783.5,0.039842,18487.37
2,5,2021,55297,302,1,1,2,5,2,1,3,2,0,0,2,4,13824.25,0.03984,38419.94
6,22,2014,128473,152,0,0,1,0,4,3,3,2,0,2,3,11,11679.363636363636,0.040035,9279.05
0,53,2015,129906,261,1,2,1,4,2,1,3,2,0,2,5,10,12990.6,0.040147,16740.43
17,11,2024,12564,177,1,1,2,4,1,0,1,2,0,0,3,1,12564.0,0.040217,24464.9
23,50,2021,75808,172,0,0,1,5,2,0,1,2,0,2,1,4,18952.0,0.040054,19586.85
7,36,2020,113917,142,0,1,1,3,3,0,3,2,1,2,5,5,22783.4,0.039842,16071.25
8,93,2021,29063,238,0,1,0,4,2,0,1,2,1,0,3,4,7265.75,0.039754,31723.08
11,45,2018,9424,174,0,2,2,4,1,0,5,2,0,2,0,7,1346.2857142857142,0.040006,22824.37
10,82,2023,52819,90,0,0,0,5,4,3,1,1,0,0,3,2,26409.5,0.039318,17945.34
11,45,2020,98850,204,0,1,1,4,1,0,4,0,0,2,3,5,19770.0,0.040006,15589.3
1,7,2020,96126,339,0,2,2,4,0,2,3,2,0,2,5,5,19225.2,0.040022,37102.86
12,41,2020,116871,106,0,1,0,5,0,0,2,0,1,2,1,5,23374.2,0.040484,8297.89
10,86,2023,36826,141,1,0,0,5,1,0,1,2,0,0,2,2,18413.0,0.039318,22452.8
0,53,2018,77773,231,0,1,2,5,4,2,2,2,1,2,1,7,11110.42857142857,0.040147,22943.43
13,29,2015,156294,418,1,1,0,4,4,3,5,1,0,2,2,10,15629.4,0.040133,27488.85
18,6,2020,29733,391,0,2,1,4,4,2,1,1,0,2,4,5,5946.6,0.04021,45587.21
1,73,2021,66556,329,0,0,1,4,1,1,3,2,0,2,2,4,16639.0,0.040022,35983.81
10,82,2017,118343,171,1,0,0,4,3,3,2,2,0,2,3,8,14792.875,0.039318,9662.93
16,13,2015,163797,282,1,2,2,5,0,2,5,2,0,2,3,10,16379.7,0.039794,19490.47
21,60,2018,79536,423,0,1,0,5,5,0,1,2,0,2,2,7,11362.285714285714,0.040226,40568.67
5,3,2011,133637,140,0,0,1,2,4,3,5,1,0,0,5,14,9545.5,0.040059,6754.21
22,19,2016,214638,166,1,1,2,3,2,3,5,2,0,0,0,9,23848.666666666668,0.039627,5096.3
10,82,2021,34986,124,1,1,2,4,1,1,3,1,0,0,0,4,8746.5,0.039318,16876.69
12,41,2018,206978,117,0,1,1,4,1,2,1,2,1,1,5,7,29568.28571428572,0.040484,4060.91
6,22,2019,48426,218,1,0,2,0,1,0,5,2,1,1,2,6,8071.0,0.040035,19624.57
13,28,2016,96744,405,1,1,2,4,5,0,3,0,1,2,3,9,10749.333333333334,0.040133,27343.26
10,82,2024,4606,136,0,2,1,4,0,2,1,2,1,2,0,1,4606.0,0.039318,24202.2
22,75,2015,65957,135,1,0,0,3,5,3,5,1,0,2,3,10,6595.7,0.039627,9072.27
12,65,2019,95223,136,1,1,0,5,0,2,3,2,1,0,3,6,15870.5,0.040484,12862.85
7,39,2013,150296,153,0,0,1,4,5,3,4,2,0,1,3,12,12524.666666666666,0.039842,5468.59
20,27,2009,147305,133,0,1,0,4,5,0,5,1,0,2,5,16,9206.5625,0.04023,2344.6
17,11,2022,67871,130,0,0,2,3,5,0,1,2,0,0,3,3,22623.666666666668,0.040217,18398.79
14,43,2024,16472,279,1,0,0,4,1,2,3,0,0,2,0,1,16472.0,0.039921,34626.12
20,48,2019,60910,187,0,1,0,4,1,0,3,2,1,2,3,6,10151.666666666666,0.04023,15228.92
24,97,2013,300000,272,1,1,1,6,1,1,5,1,0,1,5,12,25000.0,0.039842,6382.17
11,45,2016,154105,171,1,2,1,4,3,3,2,1,0,2,2,9,17122.777777777777,0.040006,10000.08
8,9,2018,79806,176,0,1,1,4,4,3,5,2,0,2,0,7,11400.857142857143,0.039754,19833.92
21,60,2018,72852,360,0,1,2,5,5,2,3,2,1,2,0,7,10407.42857142857,0.040226,34335.22
5,67,2016,102133,268,0,1,0,2,5,1,5,2,1,0,3,9,11348.111111111111,0.040059,17195.56
23,69,2020,90241,147,1,0,1,5,2,0,5,2,0,0,0,5,18048.2,0.040054,17363.09
10,82,2006,234286,142,1,0,1,5,4,3,5,2,0,0,2,19,12330.842105263158,0.039318,1500.0
21,60,2019,106387,319,0,1,1,5,5,3,1,2,0,0,1,6,17731.166666666668,0.040226,34742.7
2,2,2018,114562,309,1,2,1,5,5,1,5,1,0,2,2,7,16366.0,0.03984,23179.33
13,28,2014,177378,416,1,2,2,4,5,3,5,2,1,0,3,11,16125.272727272728,0.040133,27903.32
21,60,2019,155936,354,1,1,2,5,4,3,1,1,1,2,3,6,25989.33333333333,0.040226,30494.36
11,25,2022,35684,194,0,0,1,4,5,3,2,2,0,2,1,3,11894.666666666666,0.040006,28895.07
9,10,2025,6879,182,0,1,1,5,0,2,1,2,0,2,4,1,6879.0,0.040015,26553.5
15,57,2014,60845,135,0,2,0,5,2,3,5,2,1,0,1,11,5531.363636363636,0.040247,10458.28
14,32,2022,49869,255,1,0,1,5,2,2,4,2,1,0,5,3,16623.0,0.039921,36457.88
8,93,2015,174552,199,1,2,2,4,3,3,5,2,1,2,3,10,17455.2,0.039754,11407.56
10,33,2011,58102,90,0,2,2,4,1,2,5,2,0,0,1,14,4150.142857142857,0.039318,6187.56
12,65,2017,139803,138,1,2,1,4,0,1,5,2,0,2,2,8,17475.375,0.040484,6991.18
2,2,2016,190789,269,0,1,0,4,4,1,2,2,0,0,5,9,21198.777777777777,0.03984,19147.77
22,75,2017,31405,173,1,2,1,3,0,3,3,2,1,2,0,8,3925.625,0.039627,13956.87
12,88,2013,87299,141,1,1,0,5,2,0,5,1,1,2,1,12,7274.916666666667,0.040484,5338.51
13,78,2018,152314,397,1,1,2,4,0,3,4,2,1,2,5,7,21759.14285714286,0.040133,34305.24
11,23,2015,119407,163,1,2,2,4,4,3,5,1,0,0,1,10,11940.7,0.040006,10471.69
7,36,2024,28245,200,1,2,1,4,2,2,2,2,0,2,1,1,28245.0,0.039842,30318.09
2,52,2016,109563,314,1,1,0,5,4,2,4,1,0,2,5,9,12173.666666666666,0.03984,21668.78
21,60,2017,95748,393,1,1,2,4,5,3,4,2,0,0,5,8,11968.5,0.040226,35720.29
22,26,2019,102255,161,0,1,2,4,0,2,4,0,0,0,1,6,17042.5,0.039627,10937.97
19,4,2019,133970,259,0,0,1,3,0,3,3,2,1,2,0,6,22328.33333333333,0.040148,20205.03
7,36,2015,103243,158,0,2,2,5,1,3,3,2,0,0,4,10,10324.3,0.039842,12120.91
20,66,2021,34057,181,1,2,0,5,4,0,4,1,0,2,1,4,8514.25,0.04023,19318.06
0,76,2018,72308,205,1,1,2,5,2,3,5,1,0,0,2,7,10329.714285714286,0.040147,20175.71
3,15,2018,65975,344,0,1,0,5,0,1,3,1,1,1,3,7,9425.0,0.039847,28074.17
5,67,2016,146761,227,0,2,2,5,3,3,2,2,1,2,5,9,16306.777777777776,0.040059,13581.66
23,94,2023,35129,116,0,0,2,4,5,2,5,2,0,2,3,2,17564.5,0.040054,23325.32
15,57,2020,93235,138,0,1,0,1,5,3,5,2,0,0,0,5,18647.0,0.040247,16635.05
21,61,2025,5451,377,1,1,1,5,0,1,1,2,0,0,2,1,5451.0,0.040226,64146.58
24,81,2015,120097,289,0,2,1,6,5,1,5,2,0,2,2,10,12009.7,0.039842,21274.41
2,52,2008,259100,254,0,0,1,5,3,2,4,2,0,1,1,17,15241.176470588236,0.03984,3075.15
4,18,2022,69198,186,1,0,1,3,3,0,1,2,0,0,3,3,23066.0,0.039982,26252.53
18,68,2013,140281,486,0,1,2,0,2,3,5,2,1,2,1,12,11690.083333333334,0.04021,28057.41
4,55,2022,67533,216,0,2,1,3,2,0,5,2,0,0,1,3,22511.0,0.039982,30347.41
5,3,2020,139045,247,0,2,1,5,5,1,4,2,0,2,5,5,27809.0,0.040059,21446.96
12,41,2018,20546,130,0,1,2,5,0,0,1,0,1,2,4,7,2935.1428571428573,0.040484,10581.24
24,97,2022,67032,306,1,1,2,4,2,3,1,2,0,1,1,3,22344.0,0.039842,37720.93
11,98,2019,90434,192,0,1,2,4,4,3,1,1,0,2,2,6,15072.333333333334,0.040006,18065.39
20,66,2012,117890,173,1,1,0,4,4,0,5,0,1,0,2,13,9068.46153846154,0.04023,5128.04
24,97,2018,131040,340,1,0,1,6,1,3,5,2,0,0,1,7,18720.0,0.039842,28374.2
1,73,2018,115373,252,0,0,0,0,2,1,5,0,0,0,0,7,16481.85714285714,0.040022,21894.83
3,103,2016,112316,343,1,0,2,4,3,1,5,1,0,2,5,9,12479.555555555557,0.039847,23461.55
18,68,2022,66091,419,0,0,0,4,0,1,1,2,0,2,5,3,22030.33333333333,0.04021,64005.22
24,81,2013,98329,288,0,0,0,6,3,3,5,1,0,0,5,12,8194.083333333334,0.039842,17680.4
13,78,2022,68088,443,0,1,2,4,4,2,3,2,0,0,0,3,22696.0,0.040133,67539.9
4,55,2015,132446,219,1,0,1,3,5,1,5,1,1,2,4,10,13244.6,0.039982,9899.62
24,101,2017,121997,333,1,2,1,4,3,2,5,2,0,0,2,8,15249.625,0.039842,28650.88
5,3,2020,47783,228,1,1,0,2,0,2,2,1,0,0,4,5,9556.6,0.040059,24009.51
0,89,2017,46360,220,0,2,1,4,3,1,4,0,0,0,5,8,5795.0,0.040147,20035.64
19,0,2016,70355,232,0,0,2,3,4,3,5,1,0,1,4,9,7817.222222222223,0.040148,14562.43
2,2,2013,172248,271,0,0,0,0,5,3,5,1,1,0,5,12,14354.0,0.03984,11892.67
22,90,2011,250966,162,1,0,2,3,0,1,5,2,0,2,2,14,17926.14285714286,0.039627,1500.0
19,0,2016,235298,161,0,0,0,3,4,0,5,1,1,0,0,9,26144.222222222223,0.040148,7857.8
24,97,2019,93575,312,0,1,1,6,1,2,5,1,1,2,1,6,15595.833333333334,0.039842,24788.41
9,10,2017,142076,119,1,1,1,2,4,0,3,2,0,0,2,8,17759.5,0.040015,8900.41
4,34,2017,72390,180,1,2,1,5,1,0,4,2,1,1,5,8,9048.75,0.039982,14655.08
17,95,2014,288865,119,1,2,0,5,1,1,3,1,0,2,2,11,26260.454545454544,0.040217,1500.0
5,3,2017,155619,164,0,2,0,5,3,2,5,1,1,0,3,8,19452.375,0.040059,11872.29
13,28,2023,10909,470,0,1,1,4,4,3,3,2,0,2,5,2,5454.5,0.040133,73533.56
19,1,2018,92494,217,0,0,2,3,5,3,5,2,0,1,5,7,13213.42857142857,0.040148,18267.51
19,1,2016,148672,149,0,2,0,3,2,0,4,2,0,2,5,9,16519.11111111111,0.040148,12791.92
10,86,2018,76643,142,0,1,1,5,1,3,4,1,1,1,4,7,10949.0,0.039318,9149.09
1,74,2023,15083,297,1,1,2,0,1,2,3,2,0,1,0,2,7541.5,0.040022,45525.6
14,32,2024,21436,230,1,1,2,5,1,0,1,2,1,0,0,1,21436.0,0.039921,43103.88
16,31,2018,41692,316,0,1,1,0,2,0,2,2,0,2,5,7,5956.0,0.039794,34268.39
15,16,2023,15553,125,0,0,0,5,3,1,1,2,0,0,4,2,7776.5,0.040247,25039.47
18,68,2013,186860,463,1,0,2,0,3,3,5,2,0,0,2,12,15571.666666666666,0.04021,27963.22
22,19,2014,150427,151,0,0,2,3,4,1,5,2,1,2,1,11,13675.181818181818,0.039627,5291.22
23,69,2013,207755,146,0,2,2,5,5,2,5,2,1,1,5,12,17312.916666666668,0.040054,2039.08
14,77,2010,300000,269,1,1,2,5,4,0,4,2,0,2,5,15,20000.0,0.039921,2793.1
22,26,2016,129215,155,0,2,2,3,1,2,4,1,0,0,0,9,14357.222222222224,0.039627,8218.18
12,87,2012,263261,144,1,1,2,5,2,2,4,2,1,2,0,13,20250.846153846152,0.040484,1500.0
13,78,2024,3048,356,0,0,1,4,5,2,4,2,0,2,3,1,3048.0,0.040133,70126.37
14,63,2017,129640,262,0,2,0,5,2,0,4,1,0,0,4,8,16205.0,0.039921,21453.7
21,60,2016,58310,379,0,1,1,5,1,2,5,2,0,2,4,9,6478.888888888889,0.040226,31422.93
13,29,2023,24489,469,0,2,0,4,4,1,3,0,1,1,0,2,12244.5,0.040133,44638.83
24,101,2018,68782,297,0,1,1,4,2,1,1,1,1,0,5,7,9826.0,0.039842,27748.99
2,52,2015,190659,291,1,2,1,5,4,1,5,2,1,0,4,10,19065.9,0.03984,17626.08
3,51,2021,49828,305,1,2,0,5,0,3,5,2,0,0,2,4,12457.0,0.039847,43840.03
7,62,2013,109706,177,0,1,1,0,0,1,5,2,0,0,3,12,9142.166666666666,0.039842,9608.85
14,43,2018,36759,264,0,2,2,4,4,2,5,2,0,1,5,7,5251.285714285715,0.039921,27107.23
15,56,2019,117684,184,0,0,1,5,2,2,2,2,0,2,1,6,19614.0,0.040247,12776.84
8,104,2019,103779,202,1,0,1,4,3,2,5,2,0,0,5,6,17296.5,0.039754,21586.25
21,59,2015,74070,369,0,1,2,5,5,3,5,0,0,2,1,10,7407.0,0.040226,24395.21
12,92,2010,196629,171,0,0,1,5,0,0,2,2,1,0,0,15,13108.6,0.040484,1500.0
18,54,2017,117402,454,0,2,1,5,2,1,3,2,1,0,5,8,14675.25,0.04021,42039.14
15,16,2025,3080,109,0,0,0,5,0,2,1,1,0,0,1,1,3080.0,0.040247,23860.6
13,78,2013,159395,425,0,1,2,4,3,2,4,2,0,0,5,12,13282.916666666666,0.040133,26838.7
19,0,2021,69697,205,0,1,0,3,0,0,1,1,1,2,5,4,17424.25,0.040148,21710.61
16,80,2014,103732,295,0,1,0,4,3,0,5,2,0,1,0,11,9430.181818181818,0.039794,19416.07
20,66,2020,97309,148,1,0,0,4,5,1,2,2,1,0,0,5,19461.8,0.04023,15742.12
1,7,2015,121176,288,0,1,2,4,4,3,4,2,0,2,4,10,12117.6,0.040022,22672.42
17,95,2016,143391,157,0,0,2,5,1,0,5,2,0,2,0,9,15932.333333333334,0.040217,7094.46
6,21,2020,68799,213,0,0,1,0,5,3,1,2,0,2,1,5,13759.8,0.040035,22361.49
0,53,2023,34365,224,1,0,2,5,3,1,1,2,0,2,0,2,17182.5,0.040147,36534.83
2,5,2025,1568,250,1,2,0,4,3,2,1,2,1,2,1,1,1568.0,0.03984,43058.38
15,57,2021,88235,131,1,2,1,4,0,0,2,2,0,2,5,4,22058.75,0.040247,16600.99
21,59,2018,154189,355,0,1,0,4,4,0,3,2,1,0,5,7,22027.0,0.040226,31480.86
16,80,2012,104172,359,1,0,0,5,1,3,5,2,0,0,4,13,8013.2307692307695,0.039794,21425.45
6,21,2019,119651,233,1,0,2,4,0,3,3,2,0,2,4,6,19941.83333333333,0.040035,18451.39
9,64,2022,53497,143,1,2,0,5,4,0,1,2,0,2,1,3,17832.333333333332,0.040015,19906.41
21,58,2013,163372,360,0,1,2,4,2,3,5,2,0,2,2,12,13614.333333333334,0.040226,19020.4
0,53,2017,143994,277,0,2,1,4,2,2,2,2,0,0,5,8,17999.25,0.040147,20862.14
14,47,2014,148440,215,0,0,0,4,0,1,5,2,0,0,2,11,13494.545454545454,0.039921,15019.77
19,4,2017,159131,180,1,0,0,3,4,2,1,2,1,0,5,8,19891.375,0.040148,14512.47
22,46,2017,102301,182,1,2,2,3,4,1,5,2,1,2,1,8,12787.625,0.039627,10532.69
4,34,2019,105108,217,1,1,1,4,5,2,5,0,1,1,0,6,17518.0,0.039982,11512.54
17,11,2017,88164,152,1,2,1,4,4,0,1,2,0,0,3,8,11020.5,0.040217,11575.01
0,89,2019,93230,274,1,1,2,5,3,2,5,2,1,2,4,6,15538.333333333334,0.040147,24280.16
13,78,2016,89355,441,0,1,1,4,2,1,1,2,1,2,4,9,9928.333333333334,0.040133,37050.27
14,43,2014,180306,304,0,1,1,4,0,3,5,1,1,0,1,11,16391.454545454544,0.039921,13171.17
4,85,2019,133619,240,0,2,1,3,1,2,3,2,0,2,1,6,22269.83333333333,0.039982,17333.78
18,68,2021,87006,439,1,1,2,0,0,0,2,2,0,2,3,4,21751.5,0.04021,55616.64
11,45,2015,126985,203,0,1,1,4,2,3,2,2,0,2,5,10,12698.5,0.040006,12961.83
19,0,2013,177329,218,1,0,1,3,2,2,2,2,0,2,1,12,14777.416666666666,0.040148,8531.66
11,45,2015,170931,189,0,2,2,4,2,3,1,2,0,0,0,10,17093.1,0.040006,9992.11
12,88,2016,145939,136,1,1,2,4,3,3,5,1,0,2,2,9,16215.444444444443,0.040484,5537.84
8,84,2023,13884,171,1,1,2,4,2,1,2,2,0,0,0,2,6942.0,0.039754,36512.23
4,34,2016,120966,213,0,1,1,0,1,0,5,2,1,1,1,9,13440.666666666666,0.039982,11103.95
3,15,2019,63244,291,0,1,1,4,0,3,3,2,1,2,5,6,10540.666666666666,0.039847,32813.98
5,3,2015,161877,236,1,1,0,5,3,1,5,2,0,2,4,10,16187.7,0.040059,12691.2
16,80,2016,94224,339,0,1,0,5,4,2,4,2,0,2,2,9,10469.333333333334,0.039794,25845.67
21,58,2009,176654,381,1,1,0,4,4,0,5,2,0,2,3,16,11040.875,0.040226,13966.83
0,49,2017,126581,292,0,0,1,5,3,1,5,2,0,1,4,8,15822.625,0.040147,18057.75
10,82,2011,263271,112,0,0,0,5,2,1,5,2,0,2,5,14,18805.071428571428,0.039318,1500.0
12,88,2023,60528,106,1,1,1,5,0,1,2,2,0,0,3,2,30264.0,0.040484,20261.88
22,90,2015,180143,116,0,0,0,4,5,3,5,2,0,2,3,10,18014.3,0.039627,4294.95
10,33,2017,41989,140,0,1,0,5,5,2,3,1,1,2,0,8,5248.625,0.039318,10732.97
0,89,2022,68936,241,0,2,1,5,3,1,1,2,1,2,3,3,22978.666666666668,0.040147,31252.92
7,38,2025,2254,182,0,0,2,5,2,1,1,2,1,0,2,1,2254.0,0.039842,31254.92
15,17,2015,224578,160,1,0,1,5,4,0,5,2,0,1,2,10,22457.8,0.040247,2297.56
17,70,2014,104593,97,0,1,0,4,2,3,4,2,1,1,1,11,9508.454545454546,0.040217,5274.77
12,41,2020,93967,166,1,1,0,5,0,1,4,2,1,1,4,5,18793.4,0.040484,11271.15
5,67,2018,69271,206,1,0,2,2,1,0,1,2,1,0,2,7,9895.857142857143,0.040059,19845.77
10,96,2017,185800,113,1,1,0,5,0,2,4,2,0,1,3,8,23225.0,0.039318,3892.84
23,44,2014,120311,152,1,1,0,5,1,0,5,2,0,0,1,11,10937.363636363636,0.040054,7939.89
12,87,2016,147056,129,1,0,1,4,2,2,5,1,0,1,0,9,16339.555555555557,0.040484,4786.17
7,38,2015,155736,168,1,2,1,5,2,3,1,1,1,2,1,10,15573.6,0.039842,6868.87
2,2,2015,172175,293,1,0,1,0,2,0,5,2,1,0,4,10,17217.5,0.03984,17572.6
5,3,2023,19650,232,0,1,0,5,5,0,1,2,0,2,0,2,9825.0,0.040059,31867.16
5,3,2013,88936,219,0,0,2,2,5,1,5,0,0,1,4,12,7411.333333333333,0.040059,8573.47
6,22,2014,103690,197,1,1,2,4,0,3,5,1,0,2,0,11,9426.363636363636,0.040035,10611.41
4,91,2024,15784,194,0,0,2,3,1,1,5,1,0,2,3,1,15784.0,0.039982,27980.87
24,101,2015,158689,284,0,0,0,4,2,0,4,0,0,0,0,10,15868.9,0.039842,15615.47
12,92,2014,177527,161,1,0,1,4,1,1,2,2,0,2,1,11,16138.818181818182,0.040484,3260.72
16,80,2018,62707,305,1,2,1,0,2,1,2,2,0,2,4,7,8958.142857142857,0.039794,30215.64
5,3,2023,36950,224,0,1,2,2,4,3,2,2,0,1,4,2,18475.0,0.040059,28931.04
3,35,2020,106808,355,0,0,0,4,5,0,3,1,0,2,3,5,21361.6,0.039847,32148.85
5,67,2011,138862,258,0,2,0,2,5,2,5,2,0,2,2,14,9918.714285714286,0.040059,9500.9
22,75,2019,94608,161,0,2,0,3,0,2,5,1,0,0,5,6,15768.0,0.039627,13318.22
20,66,2014,182406,183,0,0,0,4,4,0,5,2,0,0,5,11,16582.363636363636,0.04023,6169.5
20,27,2014,207764,152,0,0,0,5,3,3,4,2,0,2,1,11,18887.636363636364,0.04023,3741.8
10,33,2013,166101,136,0,2,0,4,4,2,5,2,0,0,2,12,13841.75,0.039318,2782.5
3,51,2023,36755,323,0,0,0,5,5,1,1,2,0,2,0,2,18377.5,0.039847,52566.95
11,25,2022,9254,161,1,0,0,4,3,0,1,2,1,2,2,3,3084.6666666666665,0.040006,27066.77
17,83,2017,127387,191,0,2,0,3,4,0,5,2,0,0,3,8,15923.375,0.040217,9719.18
1,72,2022,24082,329,1,2,1,5,1,1,4,2,0,0,1,3,8027.333333333333,0.040022,45284.82
22,26,2018,151521,137,1,2,2,5,5,3,4,2,1,2,1,7,21645.85714285714,0.039627,8771.94
18,20,2015,150976,448,1,2,0,5,5,1,5,2,1,2,2,10,15097.6,0.04021,31874.72
17,83,2011,116006,155,1,2,2,3,5,3,5,2,1,2,1,14,8286.142857142857,0.040217,4646.29
16,80,2013,84171,341,1,0,0,4,3,3,5,2,1,2,3,12,7014.25,0.039794,21066.42
9,64,2016,123285,105,1,1,1,2,5,0,4,2,1,2,3,9,13698.333333333334,0.040015,8005.32
15,17,2021,115534,102,0,0,1,1,5,3,3,2,0,2,1,4,28883.5,0.040247,15367.61
9,14,2011,156351,98,1,2,2,2,0,3,5,2,0,0,2,14,11167.92857142857,0.040015,1872.89
13,78,2012,45446,455,1,1,1,4,3,1,5,2,0,2,0,13,3495.846153846154,0.040133,31527.92
22,19,2019,148167,131,0,1,0,5,0,3,1,2,1,2,3,6,24694.5,0.039627,9657.43
3,103,2023,37475,345,1,1,1,5,5,3,1,2,1,2,2,2,18737.5,0.039847,48254.39
7,36,2018,94266,166,1,1,0,4,1,2,2,2,0,2,1,7,13466.57142857143,0.039842,14775.14
4,91,2020,85583,185,0,2,1,3,2,0,3,1,0,2,3,5,17116.6,0.039982,18788.73
6,22,2014,163716,225,1,2,2,4,2,2,5,2,1,2,3,11,14883.272727272728,0.040035,8851.05
1,72,2021,104850,282,1,2,1,4,1,3,4,2,1,0,4,4,26212.5,0.040022,36700.69
6,30,2018,110116,223,1,1,1,5,3,1,2,2,0,0,2,7,15730.857142857143,0.040035,17553.1
18,6,2018,106528,423,1,2,2,5,2,1,3,2,0,1,0,7,15218.285714285714,0.04021,40300.66
22,90,2019,56674,154,0,2,0,5,4,2,5,2,0,2,3,6,9445.666666666666,0.039627,15400.61
20,40,2017,86507,161,1,0,0,4,2,2,4,2,0,1,1,8,10813.375,0.04023,12454.09
13,78,2018,122808,445,1,1,0,4,2,0,4,2,1,2,3,7,17544.0,0.040133,36800.96
6,30,2016,152571,195,1,0,2,5,1,2,5,2,1,2,4,9,16952.333333333332,0.040035,11804.75
22,90,2020,52444,126,1,0,0,5,0,0,2,2,0,2,4,5,10488.8,0.039627,16963.22
7,62,2008,300000,147,0,2,1,0,2,1,5,2,0,0,4,17,17647.058823529413,0.039842,1500.0
7,39,2015,117833,214,0,0,2,5,5,1,5,2,0,2,2,10,11783.3,0.039842,11984.15
10,82,2015,168968,130,1,0,1,5,0,3,4,1,0,2,0,10,16896.8,0.039318,3652.85
6,21,2017,133467,198,0,0,2,0,5,1,1,2,1,1,2,8,16683.375,0.040035,11640.34
22,19,2024,16782,132,1,1,1,3,1,2,1,2,0,2,2,1,16782.0,0.039627,27789.56
8,93,2015,150187,218,0,0,1,3,2,0,5,2,0,0,3,10,15018.7,0.039754,13672.04
3,15,2011,175430,332,1,1,1,5,5,1,5,2,0,0,0,14,12530.714285714286,0.039847,16105.8
7,39,2014,176566,122,1,0,1,3,3,3,5,2,0,0,0,11,16051.454545454546,0.039842,5622.24
15,17,2017,201854,176,0,0,2,4,4,3,4,1,1,0,3,8,25231.75,0.040247,5601.14
23,50,2021,67550,152,1,1,1,1,3,2,1,1,1,0,3,4,16887.5,0.040054,17635.34
20,27,2020,41493,157,0,1,0,4,1,2,3,1,1,2,0,5,8298.6,0.04023,16594.35
24,81,2021,82764,289,1,1,0,5,2,0,4,2,1,2,2,4,20691.0,0.039842,31134.05
13,29,2013,121010,405,0,0,2,4,3,2,5,2,0,0,3,12,10084.166666666666,0.040133,29393.44
19,4,2012,138357,196,0,0,1,3,2,3,5,2,0,0,0,13,10642.846153846154,0.040148,9177.51
19,4,2021,23105,235,1,0,1,3,0,0,2,2,0,2,4,4,5776.25,0.040148,34085.81
19,4,2022,55401,227,0,1,1,3,1,2,1,2,1,2,5,3,18467.0,0.040148,27735.08
20,27,2024,3074,137,0,0,0,4,0,2,2,2,1,2,5,1,3074.0,0.04023,30012.85
1,72,2015,141553,270,1,0,1,4,3,3,3,2,0,2,4,10,14155.3,0.040022,22246.35
16,13,2017,58156,329,0,0,1,4,0,2,5,2,0,1,0,8,7269.5,0.039794,27943.07
6,22,2020,65032,159,1,0,0,4,3,0,2,2,0,1,5,5,13006.4,0.040035,19794.47
14,77,2017,177495,274,1,2,2,4,4,3,3,2,0,0,3,8,22186.875,0.039921,21745.97
1,8,2021,65405,377,0,0,0,4,5,1,3,2,0,1,5,4,16351.25,0.040022,39631.03
19,0,2017,156971,168,0,0,0,3,5,0,5,2,0,2,0,8,19621.375,0.040148,14122.32
23,44,2017,184838,119,0,1,1,1,2,0,4,1,0,2,4,8,23104.75,0.040054,6436.25
11,45,2017,49917,180,0,1,2,4,2,0,5,2,0,2,4,8,6239.625,0.040006,16794.47
6,21,2023,43369,124,0,0,0,0,0,0,1,2,0,2,4,2,21684.5,0.040035,27260.93
7,37,2015,114450,159,0,0,2,3,5,2,4,2,1,2,5,10,11445.0,0.039842,9320.43
23,12,2021,18516,122,0,0,2,1,4,3,3,2,1,2,5,4,4629.0,0.040054,21606.5
11,23,2017,168659,203,1,0,2,4,4,1,5,2,0,0,3,8,21082.375,0.040006,13879.57
0,49,2014,129466,232,0,1,2,5,0,2,4,2,0,0,2,11,11769.636363636364,0.040147,16083.78
1,74,2025,4792,304,1,0,0,4,0,1,1,2,0,0,1,1,4792.0,0.040022,55185.58
18,68,2016,214810,444,1,1,2,5,1,2,5,2,0,0,4,9,23867.777777777777,0.04021,35205.19
1,8,2019,71315,251,1,1,2,0,1,3,5,2,0,0,2,6,11885.833333333334,0.040022,33817.42
1,8,2014,126728,266,0,2,1,4,0,3,5,2,1,0,3,11,11520.727272727272,0.040022,17908.3
12,92,2012,176158,124,1,2,1,4,3,2,5,2,1,2,1,13,13550.615384615385,0.040484,1500.0
8,104,2011,300000,224,0,0,1,4,2,0,5,2,0,0,5,14,21428.571428571428,0.039754,1500.0
24,102,2016,135758,287,1,2,0,6,5,0,5,2,0,2,0,9,15084.222222222224,0.039842,23135.77
7,36,2016,128635,160,0,1,2,3,4,0,5,2,1,0,0,9,14292.777777777776,0.039842,10520.6
3,15,2017,148627,320,0,1,0,4,0,0,4,2,1,2,5,8,18578.375,0.039847,25737.95
22,46,2020,47749,162,1,0,0,4,2,1,5,2,0,0,1,5,9549.8,0.039627,17814.51
4,55,2015,172395,171,0,0,0,0,1,2,5,2,0,1,2,10,17239.5,0.039982,7331.92
9,10,2024,30974,187,0,0,0,5,2,2,1,1,0,2,2,1,30974.0,0.040015,20189.78
24,97,2008,233311,312,0,0,0,5,1,2,5,2,1,0,3,17,13724.176470588236,0.039842,5824.34
7,62,2018,131819,179,0,0,1,3,0,2,5,1,0,2,1,7,18831.28571428572,0.039842,11398.92
5,67,2024,14558,188,1,0,1,2,4,3,1,2,0,2,0,1,14558.0,0.040059,36809.39
11,23,2019,78872,239,1,0,2,4,0,0,5,2,0,2,0,6,13145.333333333334,0.040006,20504.39
21,59,2014,268945,371,1,1,0,5,3,3,3,2,1,2,0,11,24449.545454545456,0.040226,15554.29
21,60,2020,55041,389,0,1,2,4,1,1,1,2,0,0,0,5,11008.2,0.040226,43947.98
13,78,2014,172619,402,1,1,2,4,5,3,4,2,0,2,2,11,15692.636363636364,0.040133,27592.41
4,85,2010,181493,188,0,2,1,4,2,1,5,1,1,2,3,15,12099.533333333333,0.039982,3021.76
14,63,2009,296585,293,0,0,1,5,5,3,5,2,0,2,5,16,18536.5625,0.039921,2443.16
1,72,2019,41474,296,0,1,2,4,0,1,5,2,0,2,0,6,6912.333333333333,0.040022,32790.89
6,22,2009,300000,236,0,2,1,4,4,1,5,0,1,2,1,16,18750.0,0.040035,1500.0
24,97,2013,300000,294,0,1,2,5,4,1,5,2,0,2,3,12,25000.0,0.039842,8432.16
8,104,2021,51178,244,0,1,1,4,0,0,3,2,0,2,2,4,12794.5,0.039754,29006.46
1,7,2023,29408,325,0,0,2,0,1,3,3,1,1,0,4,2,14704.0,0.040022,45317.98
8,93,2020,83910,228,0,1,0,4,5,2,2,2,1,0,1,5,16782.0,0.039754,25682.11
8,84,2016,142493,259,0,0,1,4,2,0,5,2,1,0,3,9,15832.555555555557,0.039754,16104.9
16,13,2016,95297,344,0,1,2,4,1,3,3,2,1,0,1,9,10588.555555555557,0.039794,27861.2
4,91,2018,142269,198,0,0,1,3,3,2,4,2,1,0,3,7,20324.14285714286,0.039982,14715.51
11,23,2022,59027,139,0,1,2,4,3,1,1,1,0,0,5,3,19675.666666666668,0.040006,26452.15
24,102,2016,103018,267,0,0,1,6,0,3,5,2,0,2,5,9,11446.444444444443,0.039842,24845.34
4,85,2018,101494,176,0,2,2,4,2,3,2,2,0,0,4,7,14499.142857142857,0.039982,16532.59
12,88,2019,82776,150,0,2,1,4,0,1,4,2,1,1,0,6,13796.0,0.040484,10299.16
6,21,2010,267676,208,0,2,2,5,5,2,4,2,0,2,2,15,17845.066666666666,0.040035,1500.0
18,6,2013,219758,489,1,2,2,4,4,0,5,1,0,1,1,12,18313.166666666668,0.04021,19963.13
16,80,2022,63371,347,1,1,2,5,1,2,1,2,0,2,5,3,21123.666666666668,0.039794,41660.64
12,88,2023,26571,195,0,2,1,5,5,1,1,0,0,0,0,2,13285.5,0.040484,17771.25
13,78,2010,245249,401,0,0,2,4,1,3,5,2,0,1,1,15,16349.933333333332,0.040133,13447.49
12,87,2014,220102,90,0,1,1,4,0,3,5,1,1,0,4,11,20009.272727272728,0.040484,1500.0
13,29,2008,143209,423,0,1,0,4,4,1,5,2,0,2,3,17,8424.058823529413,0.040133,17728.57
5,3,2018,133190,224,1,2,0,2,4,1,3,2,0,0,2,7,19027.14285714286,0.040059,18779.06
3,15,2008,149419,341,0,2,1,5,5,0,5,2,0,2,0,17,8789.35294117647,0.039847,12151.81
4,55,2020,58992,166,0,2,2,4,2,0,2,2,1,2,2,5,11798.4,0.039982,17679.53
9,64,2016,218842,127,0,1,2,5,0,0,5,2,0,2,3,9,24315.777777777777,0.040015,2903.03
19,4,2021,60747,230,0,1,1,3,2,0,3,2,0,2,5,4,15186.75,0.040148,28978.53
15,57,2013,231559,200,1,1,1,4,4,3,5,2,0,2,5,12,19296.58333333333,0.040247,1500.0
21,61,2016,163673,328,1,1,1,4,2,0,5,1,1,0,5,9,18185.88888888889,0.040226,20749.67
24,101,2015,238261,272,0,0,1,5,0,3,5,2,0,2,5,10,23826.1,0.039842,13282.39
3,103,2020,57093,332,0,0,1,5,2,0,1,1,0,1,3,5,11418.6,0.039847,34817.86
22,26,2014,142991,116,0,2,2,3,5,3,5,2,0,2,4,11,12999.181818181818,0.039627,5773.72
9,64,2025,1912,184,0,0,2,5,2,1,2,1,0,2,3,1,1912.0,0.040015,24055.04
7,62,2018,83795,169,1,0,2,4,5,0,5,1,0,2,5,7,11970.714285714286,0.039842,14103.82
18,20,2014,98390,521,1,2,2,4,2,2,5,2,0,0,4,11,8944.545454545454,0.04021,36671.06
11,45,2009,300000,203,1,2,0,4,2,2,5,2,0,2,3,16,18750.0,0.040006,1500.0
7,39,2021,51883,158,0,1,1,3,4,3,2,1,0,2,0,4,12970.75,0.039842,18944.03
5,3,2019,152111,187,0,2,2,5,1,1,3,2,0,0,5,6,25351.83333333333,0.040059,17473.64
9,10,2016,219266,200,0,0,0,4,3,3,5,0,1,0,1,9,24362.88888888889,0.040015,3730.16
3,35,2025,5903,358,0,0,0,5,2,2,3,2,0,2,2,1,5903.0,0.039847,59965.73
20,27,2015,247158,238,1,2,0,4,2,2,5,2,1,0,4,10,24715.8,0.04023,4392.0
7,36,2017,89525,206,0,2,1,3,5,2,4,1,0,2,5,8,11190.625,0.039842,13077.69
23,69,2013,38555,160,1,2,1,1,0,2,5,1,1,0,5,12,3212.9166666666665,0.040054,9792.29
24,102,2019,126533,283,1,0,2,5,0,2,5,2,0,2,3,6,21088.83333333333,0.039842,27428.89
3,51,2009,212391,322,1,2,2,4,3,2,5,1,1,2,3,16,13274.4375,0.039847,8161.34
3,35,2014,86105,291,0,1,2,4,0,1,5,2,0,2,1,11,7827.727272727273,0.039847,25167.69
6,21,2020,73528,239,0,1,0,0,4,2,2,1,0,2,0,5,14705.6,0.040035,18609.99
15,16,2016,109145,140,1,2,0,5,4,1,4,2,1,0,0,9,12127.222222222224,0.040247,9449.48
10,82,2014,126948,162,0,0,2,4,1,3,5,2,0,0,4,11,11540.727272727272,0.039318,6675.84
21,61,2014,220230,354,1,1,2,5,1,1,5,2,0,0,1,11,20020.90909090909,0.040226,20485.16
12,65,2014,183883,156,1,2,0,5,2,1,5,1,0,2,3,11,16716.636363636364,0.040484,2662.25
11,98,2013,87105,198,1,2,2,4,0,1,5,2,0,0,1,12,7258.75,0.040006,11148.08
6,30,2024,14597,223,0,1,2,4,4,1,2,2,1,2,2,1,14597.0,0.040035,31774.67
7,62,2015,252082,130,1,1,2,3,3,3,3,2,0,2,1,10,25208.2,0.039842,2442.0
4,34,2014,199494,115,0,0,0,4,0,3,5,2,0,1,1,11,18135.81818181818,0.039982,4274.18
15,17,2025,7459,154,0,2,1,1,1,3,1,1,0,2,3,1,7459.0,0.040247,24550.64
2,2,2017,137979,290,1,2,0,5,3,0,5,2,0,2,4,8,17247.375,0.03984,22804.79
12,92,2013,186167,144,1,1,2,5,1,3,5,2,0,2,0,12,15513.916666666666,0.040484,1959.28
6,30,2018,53798,208,0,2,2,5,1,1,2,2,0,2,5,7,7685.428571428572,0.040035,18991.35
21,58,2014,82558,337,0,1,1,5,2,0,1,2,0,2,1,11,7505.272727272727,0.040226,27242.12
23,12,2018,73311,157,1,2,1,5,2,2,4,2,0,0,3,7,10473.0,0.040054,15273.95
12,41,2018,129204,130,1,0,1,5,0,1,4,2,1,2,2,7,18457.714285714286,0.040484,8387.12
10,86,2019,69259,183,1,1,0,5,1,2,1,2,0,2,4,6,11543.166666666666,0.039318,14049.65
17,83,2017,116323,150,0,0,1,4,1,0,3,1,0,1,2,8,14540.375,0.040217,7460.38
7,38,2020,109156,185,1,0,1,0,2,1,1,2,0,0,0,5,21831.2,0.039842,19653.43
1,7,2014,130668,305,1,1,1,5,0,1,5,2,0,2,1,11,11878.90909090909,0.040022,18025.27
15,56,2022,54729,118,1,2,1,5,4,1,3,2,0,2,2,3,18243.0,0.040247,19581.78
5,67,2012,209653,238,0,0,0,5,2,0,5,2,1,0,5,13,16127.153846153846,0.040059,6321.26
22,75,2017,75397,151,0,0,1,5,4,0,3,2,0,2,4,8,9424.625,0.039627,12407.03
14,63,2017,64512,266,0,2,1,4,4,2,5,0,0,1,3,8,8064.0,0.039921,16612.02
21,61,2025,5882,341,0,1,2,5,0,3,1,1,0,0,3,1,5882.0,0.040226,55574.51
3,51,2024,13219,328,1,1,2,5,3,3,1,2,0,0,3,1,13219.0,0.039847,57563.3
21,61,2018,111633,384,1,1,2,5,5,2,5,1,1,2,3,7,15947.57142857143,0.040226,31528.73
6,21,2019,110149,237,0,1,1,5,0,0,5,2,1,0,5,6,18358.166666666668,0.040035,20130.19
2,100,2022,94467,269,1,1,0,5,2,3,3,2,1,2,4,3,31489.0,0.03984,35382.93
5,67,2022,38112,211,0,0,2,2,4,1,3,1,0,2,5,3,12704.0,0.040059,28276.54
11,25,2024,8489,200,1,0,0,4,2,3,1,2,1,0,0,1,8489.0,0.040006,38054.23
7,62,2016,115709,150,1,1,1,5,3,3,5,2,0,2,2,9,12856.555555555557,0.039842,11784.25
13,29,2015,102111,433,1,0,1,4,5,1,5,2,1,0,1,10,10211.1,0.040133,37188.79
18,68,2018,25935,466,0,2,1,0,0,2,2,1,0,2,0,7,3705.0,0.04021,42048.22
3,51,2014,180944,338,1,2,2,5,5,3,3,0,0,0,0,11,16449.454545454544,0.039847,15841.03
15,57,2018,80237,163,1,2,1,1,4,0,4,0,1,0,1,7,11462.42857142857,0.040247,10280.85
14,32,2012,273265,264,0,1,0,4,3,1,5,2,0,0,2,13,21020.384615384617,0.039921,7595.06
11,23,2018,39945,189,1,0,0,4,3,0,5,2,1,2,4,7,5706.428571428572,0.040006,20693.29
13,28,2017,81177,423,0,0,1,4,0,1,5,2,0,2,3,8,10147.125,0.040133,38019.4
16,31,2018,148039,301,1,0,2,4,0,3,2,2,0,2,0,7,21148.42857142857,0.039794,28691.95
17,83,2013,101124,126,1,2,1,4,0,2,5,2,0,2,0,12,8427.0,0.040217,5960.53
9,10,2022,68222,194,0,1,1,2,5,3,1,2,0,0,3,3,22740.666666666668,0.040015,20430.79
13,28,2017,80320,357,1,0,1,4,2,1,5,2,0,0,0,8,10040.0,0.040133,40300.96
18,68,2022,43142,472,0,2,1,4,2,2,2,1,0,2,5,3,14380.666666666666,0.04021,51477.95
4,91,2017,84122,210,1,2,0,0,2,1,4,2,1,2,0,8,10515.25,0.039982,14497.73
11,98,2013,211473,178,0,0,1,4,1,3,5,2,0,1,5,12,17622.75,0.040006,4654.15
17,79,2020,115123,131,0,2,1,3,5,3,4,2,0,2,0,5,23024.6,0.040217,11765.05
12,92,2022,36946,163,0,0,2,4,2,1,1,2,0,0,1,3,12315.333333333334,0.040484,19954.89
10,82,2013,300000,121,1,0,2,4,5,0,5,1,0,2,1,12,25000.0,0.039318,1500.0
16,80,2019,106381,363,0,0,0,4,4,1,5,2,1,0,5,6,17730.166666666668,0.039794,34341.67
22,90,2014,175273,209,1,2,1,3,1,1,5,1,1,0,3,11,15933.90909090909,0.039627,5144.5
9,64,2022,64483,161,1,0,1,5,4,3,1,1,1,0,1,3,21494.33333333333,0.040015,16252.94
15,16,2017,160592,139,1,0,1,1,5,0,5,2,0,2,4,8,20074.0,0.040247,7442.88
10,96,2022,15987,147,1,0,1,4,4,0,2,0,1,2,1,3,5329.0,0.039318,14471.02
15,17,2022,24211,117,0,1,0,4,0,3,2,2,0,0,2,3,8070.333333333333,0.040247,23317.12
11,98,2016,63091,212,0,0,0,4,0,2,5,2,1,1,5,9,7010.111111111111,0.040006,14626.61
21,59,2017,164317,311,1,1,0,4,5,0,3,2,0,0,5,8,20539.625,0.040226,29622.7
16,31,2017,132852,350,0,2,1,4,3,2,3,2,1,2,3,8,16606.5,0.039794,26192.83
9,64,2025,3363,208,0,2,2,2,4,0,1,2,0,2,3,1,3363.0,0.040015,24392.03
5,67,2018,175552,199,0,0,0,5,3,3,3,2,1,0,5,7,25078.85714285714,0.040059,15381.52
20,48,2017,142991,229,1,1,0,5,2,0,3,2,0,0,1,8,17873.875,0.04023,12469.27
1,72,2014,103738,314,0,2,2,4,5,0,5,2,0,2,1,11,9430.727272727272,0.040022,22432.46
18,54,2020,41961,492,1,1,0,0,1,1,1,2,0,0,3,5,8392.2,0.04021,63772.18
9,24,2017,127097,137,0,1,0,2,5,1,5,2,1,0,5,8,15887.125,0.040015,9137.56
1,8,2017,122981,341,0,0,0,0,2,1,4,2,0,2,0,8,15372.625,0.040022,25127.29
3,35,2013,145082,374,0,1,2,5,3,0,5,2,1,2,1,12,12090.166666666666,0.039847,18203.0
5,67,2018,6485,232,0,1,1,5,3,3,4,2,0,0,3,7,926.4285714285714,0.040059,23469.77
4,91,2020,64732,133,0,1,1,4,3,3,1,1,0,2,4,5,12946.4,0.039982,17499.57
0,53,2022,17336,185,0,2,2,4,2,0,5,1,0,2,4,3,5778.666666666667,0.040147,30311.84
9,14,2018,14292,131,1,2,0,2,5,1,3,1,1,2,3,7,2041.7142857142856,0.040015,14145.47
23,69,2025,7374,137,0,2,2,4,2,2,1,1,0,2,4,1,7374.0,0.040054,25967.05
2,52,2024,28858,313,0,1,0,5,4,0,1,1,0,0,1,1,28858.0,0.03984,46304.54
12,41,2016,131413,131,0,1,2,5,1,2,3,2,0,0,0,9,14601.444444444443,0.040484,7315.28
15,16,2013,155500,90,0,2,2,5,4,3,5,2,0,0,0,12,12958.333333333334,0.040247,3344.25
23,50,2021,63280,154,1,0,2,4,5,3,5,2,0,0,2,4,15820.0,0.040054,20030.08
0,76,2022,30379,182,1,1,2,5,0,0,1,2,1,0,2,3,10126.333333333334,0.040147,33572.51
2,2,2013,207685,245,1,2,0,4,4,0,4,2,1,0,2,12,17307.083333333332,0.03984,12204.57
12,41,2009,224989,152,0,1,1,5,0,0,5,2,1,2,0,16,14061.8125,0.040484,1500.0
7,38,2022,41141,192,0,1,1,3,2,3,3,2,1,2,3,3,13713.666666666666,0.039842,24372.2
1,72,2016,68150,309,0,2,2,4,1,0,5,2,1,2,4,9,7572.222222222223,0.040022,25244.1
0,49,2014,281726,259,1,1,2,4,2,0,5,2,1,0,5,11,25611.454545454544,0.040147,7252.48
13,28,2020,104838,365,1,1,0,4,5,3,1,2,0,2,4,5,20967.6,0.040133,45802.6
3,103,2016,91078,357,1,0,0,5,0,2,4,2,1,2,4,9,10119.777777777776,0.039847,28232.34
8,104,2019,76769,276,1,2,2,4,0,0,5,2,0,0,3,6,12794.833333333334,0.039754,23936.96
21,59,2015,215556,361,0,1,0,4,5,0,4,1,0,0,3,10,21555.6,0.040226,19805.08
4,18,2022,32339,174,1,2,1,0,4,1,1,2,0,2,0,3,10779.666666666666,0.039982,25651.96
8,93,2023,31763,213,0,0,1,3,1,2,3,2,1,2,4,2,15881.5,0.039754,35176.68
17,11,2023,41677,142,1,1,1,3,5,0,2,2,0,2,1,2,20838.5,0.040217,21335.38
23,50,2016,165880,193,0,0,1,5,4,0,1,1,0,1,3,9,18431.11111111111,0.040054,7176.39
2,52,2017,135663,277,1,2,1,0,4,2,3,2,0,2,1,8,16957.875,0.03984,24359.77
5,67,2018,43759,188,1,1,0,2,4,1,5,2,0,0,0,7,6251.285714285715,0.040059,22225.09
6,30,2014,203594,148,0,1,1,5,1,2,5,2,0,2,4,11,18508.545454545456,0.040035,5517.7
20,48,2021,68417,141,1,2,0,5,0,1,2,2,0,2,3,4,17104.25,0.04023,20041.62
8,9,2015,160867,234,1,0,1,4,5,2,3,2,0,0,0,10,16086.7,0.039754,13747.73
12,41,2021,50606,160,1,0,2,5,0,1,2,2,1,2,4,4,12651.5,0.040484,15751.53
13,29,2014,198305,399,1,1,2,4,0,1,4,1,1,2,0,11,18027.727272727272,0.040133,21625.19
6,21,2016,151049,213,1,0,1,5,4,0,5,2,0,2,3,9,16783.222222222223,0.040035,11765.88
11,23,2022,32713,193,1,1,2,4,4,1,1,0,1,2,5,3,10904.333333333334,0.040006,19797.08
15,57,2020,110354,152,0,1,2,1,1,1,5,0,1,2,5,5,22070.8,0.040247,10636.01
0,53,2009,143298,278,1,1,1,5,2,2,5,2,1,2,1,16,8956.125,0.040147,9395.36
10,96,2021,85750,126,1,0,2,5,1,3,1,0,1,0,5,4,21437.5,0.039318,11293.39
15,16,2016,129576,166,1,0,1,1,5,2,4,2,1,2,3,9,14397.333333333334,0.040247,9221.05
5,3,2015,126500,184,0,2,2,5,1,1,2,1,0,0,1,10,12650.0,0.040059,11837.69
3,103,2019,72677,383,1,1,1,4,4,1,2,1,0,2,2,6,12112.833333333334,0.039847,35743.37
21,61,2017,76490,364,0,1,0,4,3,2,4,1,0,0,4,8,9561.25,0.040226,32292.9
4,85,2011,199439,135,1,0,1,5,4,3,4,2,1,1,0,14,14245.642857142857,0.039982,1919.8
20,40,2016,142330,137,1,0,0,4,1,1,3,2,0,1,3,9,15814.444444444443,0.04023,8455.12
19,4,2017,56357,225,1,0,0,3,0,3,4,2,0,2,1,8,7044.625,0.040148,21097.0
8,84,2013,196657,199,1,1,2,4,2,0,5,2,1,0,3,12,16388.083333333332,0.039754,7947.7
14,63,2014,212959,243,0,2,1,5,5,2,2,2,0,0,4,11,19359.90909090909,0.039921,12223.15
14,32,2018,119217,325,1,0,1,5,0,3,5,2,0,2,5,7,17031.0,0.039921,23981.47
19,0,2024,500,185,0,0,0,3,0,3,1,1,0,2,2,1,500.0,0.040148,36934.04
6,30,2018,102718,266,0,1,1,5,1,0,3,2,1,2,0,7,14674.0,0.040035,17236.14
16,80,2006,178394,290,1,0,1,0,2,0,5,2,0,2,4,19,9389.157894736842,0.039794,7627.3
7,37,2011,227171,209,1,1,0,5,1,1,4,1,1,0,4,14,16226.5,0.039842,1500.0
3,51,2013,243164,377,0,2,1,5,2,3,5,2,0,0,5,12,20263.666666666668,0.039847,17032.91
3,35,2022,29786,328,1,2,0,4,4,3,1,1,0,0,5,3,9928.666666666666,0.039847,46602.23
9,24,2017,152041,177,1,0,1,4,3,3,5,2,1,2,4,8,19005.125,0.040015,7450.44
16,80,2017,132165,339,0,0,2,4,3,1,5,1,1,2,1,8,16520.625,0.039794,24872.31
13,78,2019,74577,471,0,2,2,4,1,3,1,1,1,2,4,6,12429.5,0.040133,41009.14
17,11,2010,201912,180,0,2,1,3,3,3,5,2,1,2,3,15,13460.8,0.040217,1500.0
20,40,2020,62508,262,1,0,0,4,2,2,5,2,0,2,1,5,12501.6,0.04023,20993.5
7,36,2018,150854,205,1,2,0,5,0,2,5,2,0,0,0,7,21550.571428571428,0.039842,13160.43
13,78,2010,210592,424,0,0,0,4,4,1,5,2,1,2,4,15,14039.466666666667,0.040133,16969.35
4,55,2024,5440,239,0,2,0,5,1,2,3,1,0,2,2,1,5440.0,0.039982,27748.58
2,52,2017,64830,322,1,1,0,5,0,3,5,1,0,2,2,8,8103.75,0.03984,24094.99
20,66,2016,58531,214,0,2,0,5,2,1,3,2,0,2,4,9,6503.444444444444,0.04023,14997.92
2,5,2013,271009,289,1,0,1,4,5,2,5,2,0,2,5,12,22584.08333333333,0.03984,8743.07
11,23,2011,275133,148,0,1,2,4,2,2,5,0,0,2,1,14,19652.35714285714,0.040006,1500.0
23,44,2015,157103,144,1,0,2,5,2,0,4,2,1,1,4,10,15710.3,0.040054,5932.65
23,69,2020,34101,138,0,0,1,5,5,2,5,2,1,0,0,5,6820.2,0.040054,18909.7
7,36,2023,4762,186,0,2,0,3,1,1,1,2,0,2,3,2,2381.0,0.039842,29796.65
16,80,2014,185840,319,0,0,0,5,4,2,5,1,0,2,4,11,16894.545454545456,0.039794,14718.7
5,3,2025,1132,210,1,0,1,2,5,1,1,2,1,2,4,1,1132.0,0.040059,32900.97
23,44,2020,138286,190,1,1,0,4,2,0,2,2,0,2,1,5,27657.2,0.040054,15000.26
11,45,2012,175116,149,0,0,0,4,0,2,5,2,1,0,3,13,13470.46153846154,0.040006,5319.0
24,102,2017,149227,349,1,0,0,5,1,3,2,2,0,0,1,8,18653.375,0.039842,24912.9
0,76,2014,120916,303,1,1,1,4,4,2,4,2,0,0,0,11,10992.363636363636,0.040147,16743.84
7,39,2014,235662,209,1,2,0,0,5,2,5,2,0,0,5,11,21423.81818181818,0.039842,4086.32
15,17,2023,2409,105,1,0,2,4,1,3,2,2,0,2,3,2,1204.5,0.040247,25980.42
15,17,2015,228205,136,1,1,0,4,5,0,5,2,0,2,3,10,22820.5,0.040247,1782.79
20,66,2012,240364,208,0,2,0,5,2,0,5,1,0,0,5,13,18489.53846153846,0.04023,1500.0
6,30,2020,48835,174,0,0,0,4,3,3,2,2,0,0,1,5,9767.0,0.040035,23797.21
2,2,2014,173689,269,1,2,0,4,1,0,5,2,0,0,4,11,15789.90909090909,0.03984,15628.07
19,0,2018,56274,172,0,2,0,3,1,2,5,2,0,0,2,7,8039.142857142857,0.040148,21969.36
2,99,2015,204638,312,0,2,2,0,0,1,5,2,1,2,4,10,20463.8,0.03984,14709.44
2,52,2012,215167,346,0,1,1,4,0,1,4,1,0,2,0,13,16551.30769230769,0.03984,12029.76
18,54,2018,39121,431,0,0,1,5,3,1,5,2,1,0,3,7,5588.714285714285,0.04021,47865.06
15,17,2016,201237,149,1,1,1,4,4,2,1,2,0,0,3,9,22359.666666666668,0.040247,4805.24
10,86,2018,137035,143,1,1,2,4,2,3,5,1,0,2,5,7,19576.42857142857,0.039318,7641.08
18,54,2019,74968,421,1,1,2,5,5,1,5,1,1,0,0,6,12494.666666666666,0.04021,40573.49
13,78,2019,56261,423,1,2,2,4,4,2,4,2,0,1,4,6,9376.833333333334,0.040133,46669.51
8,84,2020,71395,234,1,2,2,3,3,1,2,2,0,0,0,5,14279.0,0.039754,28105.85
15,56,2017,113167,174,0,2,0,4,1,2,5,2,0,2,5,8,14145.875,0.040247,10920.04
3,15,2018,115862,384,1,0,1,4,4,1,5,2,0,2,0,7,16551.714285714286,0.039847,30927.07
9,14,2018,95280,143,1,1,1,5,4,2,2,1,1,1,1,7,13611.42857142857,0.040015,8974.27
23,50,2016,148264,164,0,2,1,5,0,0,5,1,0,1,1,9,16473.777777777777,0.040054,7335.83
8,9,2019,135797,262,1,1,2,3,3,1,5,2,0,1,2,6,22632.83333333333,0.039754,19104.78
17,79,2015,154448,110,0,1,1,4,2,3,5,2,1,0,3,10,15444.8,0.040217,4645.23
13,78,2017,109704,421,0,1,2,4,1,3,5,1,1,2,3,8,13713.0,0.040133,32703.85
18,54,2020,97978,449,0,2,0,0,5,2,3,2,1,1,3,5,19595.6,0.04021,46756.8
22,90,2022,49378,176,0,1,0,4,2,0,1,0,0,0,2,3,16459.333333333332,0.039627,17422.5
18,68,2023,47463,432,0,2,0,5,2,3,1,2,0,2,4,2,23731.5,0.04021,73315.26
0,89,2013,156449,213,1,0,0,4,1,1,5,2,0,0,4,12,13037.416666666666,0.040147,12519.96
22,90,2017,117368,185,0,2,0,5,5,0,5,2,0,2,1,8,14671.0,0.039627,11710.76
22,46,2014,56494,203,1,1,1,3,4,1,5,2,0,2,3,11,5135.818181818182,0.039627,12392.13
23,50,2015,214170,127,0,1,0,1,0,1,5,1,0,2,3,10,21417.0,0.040054,2892.64
17,70,2025,4539,157,1,0,2,5,1,1,1,2,0,2,0,1,4539.0,0.040217,23782.81
1,8,2013,193434,350,0,0,0,0,1,0,4,2,0,0,0,12,16119.5,0.040022,17221.02
11,45,2017,63858,259,0,2,2,4,5,3,1,2,0,0,4,8,7982.25,0.040006,20862.64
18,68,2017,130418,425,0,1,2,4,5,0,2,1,0,2,4,8,16302.25,0.04021,36892.71
3,15,2016,127107,353,0,2,0,4,3,2,1,2,1,2,4,9,14123.0,0.039847,25711.31
14,43,2022,74396,230,1,1,0,5,4,3,3,2,0,2,2,3,24798.666666666668,0.039921,36303.82
1,7,2019,48363,344,1,1,2,0,0,2,3,2,1,2,2,6,8060.5,0.040022,33452.7
21,58,2019,115731,409,1,1,2,5,3,0,1,2,0,2,5,6,19288.5,0.040226,37245.29
19,1,2020,34659,220,0,0,1,3,1,3,1,2,0,2,5,5,6931.8,0.040148,25623.36
11,23,2017,147045,228,0,2,2,4,1,2,2,2,0,2,1,8,18380.625,0.040006,15651.04
2,5,2011,107845,302,0,0,0,4,0,1,5,2,0,0,3,14,7703.214285714285,0.03984,16114.86
20,66,2015,157795,206,1,2,0,5,0,0,4,0,0,2,0,10,15779.5,0.04023,6613.18
11,25,2011,149395,174,0,0,0,4,2,2,4,2,0,2,3,14,10671.07142857143,0.040006,6274.7
15,57,2013,201448,160,1,2,2,4,2,2,5,2,1,0,4,12,16787.333333333332,0.040247,2385.69
13,29,2018,123844,422,0,0,0,4,1,2,4,1,0,0,0,7,17692.0,0.040133,39792.37
16,80,2009,272028,313,1,2,1,0,1,0,3,2,0,2,5,16,17001.75,0.039794,5847.74
20,40,2025,4429,209,0,0,0,4,2,2,2,2,1,0,5,1,4429.0,0.04023,29990.25
4,18,2025,2128,163,0,1,2,3,3,2,1,2,0,2,1,1,2128.0,0.039982,32536.84
9,24,2016,137548,130,0,0,2,5,2,0,5,2,1,0,2,9,15283.111111111111,0.040015,6693.48
11,98,2016,181930,238,1,2,1,4,1,2,5,2,0,1,2,9,20214.444444444445,0.040006,9722.12
22,75,2008,300000,162,0,1,1,4,2,3,5,2,1,2,5,17,17647.058823529413,0.039627,1500.0
11,23,2018,124850,225,0,0,1,4,5,2,4,2,1,0,1,7,17835.714285714286,0.040006,17543.52
22,90,2015,183320,181,0,2,1,5,1,2,5,2,0,0,1,10,18332.0,0.039627,6494.28
19,1,2019,54440,214,1,0,0,3,4,0,2,1,0,2,5,6,9073.333333333334,0.040148,22997.65
9,64,2009,36569,188,1,2,2,4,0,2,5,1,0,0,5,16,2285.5625,0.040015,7853.44
7,37,2017,245051,158,1,1,1,5,3,2,5,2,1,0,2,8,30631.375,0.039842,5759.41
12,65,2021,23467,192,0,2,2,4,3,1,1,2,0,0,1,4,5866.75,0.040484,18588.08
23,69,2016,161701,152,1,1,2,5,2,0,3,1,0,2,2,9,17966.777777777777,0.040054,7023.09
10,33,2013,158254,138,1,0,2,4,2,1,5,0,0,0,4,12,13187.833333333334,0.039318,2607.29
2,99,2011,300000,293,0,2,2,5,5,3,5,2,1,0,1,14,21428.571428571428,0.03984,4562.3
1,73,2023,31696,309,0,0,2,0,5,2,1,2,1,2,4,2,15848.0,0.040022,49260.0
3,15,2017,91571,323,0,1,1,5,1,2,5,2,0,0,1,8,11446.375,0.039847,29655.82
0,53,2011,163253,223,1,1,2,5,4,2,5,2,0,0,3,14,11660.92857142857,0.040147,9799.72
20,40,2018,126695,158,1,2,0,4,4,0,5,1,0,2,3,7,18099.28571428572,0.04023,11775.76
10,86,2015,150270,135,0,0,2,5,5,3,5,2,0,2,3,10,15027.0,0.039318,4750.8
20,40,2011,188221,154,1,1,0,4,2,2,5,2,0,2,0,14,13444.357142857143,0.04023,2132.88
21,60,2016,81062,340,1,1,0,5,0,0,3,2,0,2,4,9,9006.888888888889,0.040226,29696.24
12,88,2013,262083,106,0,0,1,4,3,2,4,2,1,0,2,12,21840.25,0.040484,1500.0
20,27,2015,172171,160,1,0,0,4,4,1,5,0,0,0,5,10,17217.1,0.04023,4770.05
17,95,2025,3712,119,0,0,0,4,0,2,1,2,1,0,3,1,3712.0,0.040217,23295.59
1,73,2012,147627,296,1,0,1,5,5,2,5,2,0,2,0,13,11355.923076923076,0.040022,16509.02
6,21,2024,23289,162,1,2,2,0,1,3,1,2,0,2,1,1,23289.0,0.040035,32214.05
16,80,2016,97833,274,0,2,0,0,0,1,4,2,0,2,1,9,10870.333333333334,0.039794,25777.71
7,37,2020,84937,170,1,2,2,5,2,3,3,2,1,0,0,5,16987.4,0.039842,17153.34
19,0,2022,56829,212,0,2,1,3,5,0,4,1,0,2,5,3,18943.0,0.040148,27345.24
22,19,2022,68717,115,0,1,1,3,0,2,1,2,0,0,3,3,22905.666666666668,0.039627,19477.95
18,6,2024,15431,505,0,2,2,5,0,1,1,2,0,2,3,1,15431.0,0.04021,81459.4
6,22,2018,95966,120,1,1,2,0,0,0,1,2,0,0,5,7,13709.42857142857,0.040035,16114.73
18,6,2023,32287,508,0,2,0,0,4,0,2,2,1,0,4,2,16143.5,0.04021,73746.13
20,66,2025,1422,147,1,2,0,5,3,1,1,2,0,0,0,1,1422.0,0.04023,31244.16
3,103,2020,73830,367,0,0,0,4,3,0,1,1,0,0,1,5,14766.0,0.039847,36451.7
10,96,2020,50321,142,1,0,2,5,1,1,1,2,0,1,2,5,10064.2,0.039318,13272.75
11,23,2020,25207,215,1,0,0,4,0,3,3,2,0,0,5,5,5041.4,0.040006,26174.8
15,16,2016,205999,158,0,1,0,4,2,1,4,2,0,0,5,9,22888.777777777777,0.040247,4723.12
6,22,2020,75258,213,1,0,1,4,0,1,5,2,0,2,4,5,15051.6,0.040035,21191.77
15,17,2013,135074,141,0,2,2,5,3,0,5,2,0,0,4,12,11256.166666666666,0.040247,5418.57
20,66,2014,111906,189,0,1,0,5,2,2,5,1,0,2,3,11,10173.272727272728,0.04023,8114.18
6,30,2010,233225,203,0,0,1,0,4,0,4,0,0,2,0,15,15548.333333333334,0.040035,1500.0
5,67,2016,117423,211,1,0,2,5,5,0,5,2,1,2,0,9,13047.0,0.040059,13892.47
23,12,2023,23118,174,1,1,1,1,2,2,1,1,0,0,1,2,11559.0,0.040054,23354.17
10,86,2011,295680,167,1,2,2,5,0,2,5,2,0,2,4,14,21120.0,0.039318,1500.0
10,33,2015,115068,141,1,0,1,4,3,0,5,2,0,1,3,10,11506.8,0.039318,6152.59
18,6,2018,123150,415,0,0,0,0,5,2,5,1,0,2,0,7,17592.85714285714,0.04021,39337.42
9,64,2015,202540,140,1,0,0,4,3,1,5,2,0,0,5,10,20254.0,0.040015,3603.5
22,19,2013,46887,140,0,1,1,5,4,2,4,2,0,0,3,12,3907.25,0.039627,10747.71
19,4,2012,234085,204,1,0,1,3,2,1,5,2,0,2,2,13,18006.53846153846,0.040148,4863.29
18,54,2017,104536,427,0,2,1,0,1,2,4,2,0,2,0,8,13067.0,0.04021,45247.05
17,70,2020,83164,99,0,0,1,4,2,0,5,0,0,0,5,5,16632.8,0.040217,11165.77
11,23,2015,85141,244,1,2,2,4,2,0,5,2,0,2,4,10,8514.1,0.040006,15375.69
19,4,2023,44566,210,1,1,2,3,0,0,1,1,0,2,3,2,22283.0,0.040148,29530.72
24,101,2023,47812,328,0,2,1,4,3,2,5,1,1,2,3,2,23906.0,0.039842,41063.61
20,40,2020,39630,136,0,2,0,5,3,1,2,2,0,0,5,5,7926.0,0.04023,20525.57
20,40,2016,65184,137,1,1,0,5,2,0,2,2,0,2,3,9,7242.666666666667,0.04023,12969.62
18,6,2014,226414,411,0,0,1,0,2,0,2,2,1,1,3,11,20583.090909090908,0.04021,20182.2
1,7,2009,114554,338,1,2,0,0,4,0,5,2,0,0,4,16,7159.625,0.040022,16204.46
12,88,2019,114918,142,1,0,2,5,0,0,4,2,0,2,4,6,19153.0,0.040484,12006.56
0,53,2010,81068,227,0,0,1,4,2,2,5,2,0,0,4,15,5404.533333333334,0.040147,13574.62
18,54,2007,300000,411,1,2,1,0,5,2,5,2,0,0,0,18,16666.666666666668,0.04021,10625.85
18,20,2023,25511,465,1,0,0,4,0,3,1,1,1,2,0,2,12755.5,0.04021,59449.26
23,12,2024,13026,195,0,2,0,4,1,0,1,1,0,0,3,1,13026.0,0.040054,27788.44
12,41,2009,300000,102,1,1,2,5,0,1,5,2,0,2,2,16,18750.0,0.040484,1500.0
7,62,2017,138733,168,1,0,2,3,0,0,5,2,0,1,1,8,17341.625,0.039842,9771.13
13,29,2011,300000,396,0,0,1,4,4,1,5,2,0,2,4,14,21428.571428571428,0.040133,13899.04
14,43,2017,97542,253,0,1,2,5,5,3,2,2,0,1,3,8,12192.75,0.039921,20229.56
1,8,2017,113588,278,1,2,2,5,0,0,5,2,0,0,3,8,14198.5,0.040022,28633.99
12,88,2016,167048,102,1,2,2,4,2,3,3,1,0,2,3,9,18560.88888888889,0.040484,4284.73
9,14,2016,150798,159,1,0,2,4,2,1,5,2,0,2,5,9,16755.333333333332,0.040015,7933.22
19,4,2017,163672,248,0,0,0,3,5,3,1,2,1,0,2,8,20459.0,0.040148,14685.06
11,23,2018,112477,184,1,0,1,4,5,3,4,1,0,0,4,7,16068.142857142857,0.040006,15098.7
13,29,2020,110430,402,0,2,1,4,3,1,1,2,0,2,2,5,22086.0,0.040133,49953.41
7,36,2014,126574,201,1,2,0,3,3,2,5,2,0,2,0,11,11506.727272727272,0.039842,8369.78
2,52,2018,64643,278,1,2,2,4,3,1,5,2,0,2,4,7,9234.714285714286,0.03984,26878.19
3,15,2015,284664,349,0,2,2,5,4,0,1,0,0,2,1,10,28466.4,0.039847,11486.37
24,97,2016,160748,277,1,2,2,5,2,2,5,2,0,2,5,9,17860.88888888889,0.039842,20378.45
14,43,2015,179721,354,1,0,2,5,1,0,5,2,1,2,0,10,17972.1,0.039921,17219.31
12,41,2018,83459,172,1,2,1,4,0,1,2,2,0,0,4,7,11922.714285714286,0.040484,13929.88
10,82,2009,197805,98,1,0,2,4,0,2,5,0,0,0,0,16,12362.8125,0.039318,1500.0
22,75,2016,204964,112,0,0,1,5,5,2,4,2,1,2,2,9,22773.777777777777,0.039627,3696.65
19,4,2015,140589,173,1,2,0,3,1,3,5,2,0,2,3,10,14058.9,0.040148,12741.18
7,36,2014,127410,186,1,1,1,3,1,2,2,0,1,1,3,11,11582.727272727272,0.039842,5750.7
21,61,2022,24429,307,0,1,2,4,0,1,3,2,0,2,2,3,8143.0,0.040226,50753.08
14,47,2011,238932,286,0,1,1,5,4,0,5,2,0,0,0,14,17066.571428571428,0.039921,8053.62
10,86,2010,256503,103,1,1,0,4,1,0,5,2,0,0,1,15,17100.2,0.039318,1500.0
5,3,2012,274810,227,0,1,1,2,1,0,5,2,0,0,0,13,21139.23076923077,0.040059,2583.33
23,94,2015,144154,186,1,2,0,5,3,0,5,0,0,2,5,10,14415.4,0.040054,5918.52
16,80,2014,178525,294,0,1,2,5,5,2,5,2,0,0,0,11,16229.545454545454,0.039794,19326.33
23,69,2014,197919,112,0,2,2,5,5,0,5,2,1,0,2,11,17992.636363636364,0.040054,2953.36
2,2,2023,47916,313,1,0,0,0,2,3,1,2,1,2,0,2,23958.0,0.03984,42807.91
24,101,2017,159930,318,0,0,1,4,4,2,5,0,0,2,3,8,19991.25,0.039842,17728.66
16,80,2017,77326,305,1,0,1,0,0,2,4,1,0,2,3,8,9665.75,0.039794,26852.09
23,12,2016,37870,191,1,2,1,5,5,0,5,2,0,2,4,9,4207.777777777777,0.040054,14364.81
0,53,2019,22035,254,0,0,0,5,4,3,2,1,1,2,2,6,3672.5,0.040147,24625.91
4,34,2025,500,174,1,1,2,3,3,3,4,2,0,2,0,1,500.0,0.039982,33709.47
24,102,2021,109808,344,1,2,0,6,0,1,2,2,1,2,1,4,27452.0,0.039842,37309.88
21,59,2013,108763,369,0,1,2,4,0,0,5,2,1,0,0,12,9063.583333333334,0.040226,24887.57
11,25,2015,114305,128,0,1,1,4,0,2,5,2,0,2,5,10,11430.5,0.040006,10582.54
1,7,2023,62769,322,1,1,0,5,5,0,1,2,0,0,1,2,31384.5,0.040022,45457.3
5,67,2012,183901,201,0,1,1,2,4,0,5,2,1,0,1,13,14146.23076923077,0.040059,6923.92
1,73,2022,54172,307,0,2,0,0,5,1,1,1,0,2,1,3,18057.33333333333,0.040022,41668.79
4,18,2020,27548,141,0,0,0,5,4,3,4,2,0,2,4,5,5509.6,0.039982,23967.74
6,30,2019,91736,204,1,0,2,4,1,2,3,2,0,2,1,6,15289.333333333334,0.040035,18220.45
1,8,2019,119575,307,1,2,0,5,2,1,1,0,0,0,1,6,19929.166666666668,0.040022,25759.76
19,1,2014,220475,203,0,2,0,3,1,0,3,2,1,0,0,11,20043.18181818182,0.040148,7655.62
18,20,2013,201492,460,0,0,2,0,0,3,3,1,0,2,1,12,16791.0,0.04021,23011.87
9,24,2015,127715,147,1,0,1,2,1,0,5,2,0,2,2,10,12771.5,0.040015,7240.94
20,27,2018,123969,180,0,2,0,5,1,1,3,2,1,0,1,7,17709.85714285714,0.04023,13540.27
19,4,2024,10753,250,1,0,1,3,2,1,3,2,1,2,2,1,10753.0,0.040148,39241.82
4,55,2018,87470,187,1,2,0,5,4,0,2,2,0,2,0,7,12495.714285714286,0.039982,16917.54
4,34,2022,29691,128,0,0,1,3,0,2,1,2,0,0,0,3,9897.0,0.039982,26022.49
16,31,2020,80390,370,1,1,1,4,5,3,3,2,0,0,1,5,16078.0,0.039794,35095.44
1,73,2014,208772,271,1,1,1,5,2,1,4,2,0,2,0,11,18979.272727272728,0.040022,14092.58
19,0,2016,161322,230,0,2,0,3,1,2,5,2,0,1,1,9,17924.666666666668,0.040148,11880.87
21,60,2017,95451,351,0,1,1,4,2,3,3,1,0,2,4,8,11931.375,0.040226,26327.47
2,5,2017,129887,302,1,0,2,5,1,1,4,2,0,2,3,8,16235.875,0.03984,23789.37
16,42,2020,120211,336,1,1,0,4,2,0,2,2,0,2,0,5,24042.2,0.039794,37183.27
2,2,2025,2284,297,1,0,0,0,4,2,2,2,1,2,3,1,2284.0,0.03984,48721.11
11,23,2013,169052,221,1,2,1,4,4,3,5,1,1,2,4,12,14087.666666666666,0.040006,7141.33
3,35,2014,218373,337,0,1,2,5,3,3,4,1,0,2,3,11,19852.090909090908,0.039847,16097.95
1,73,2015,177995,266,1,1,1,4,1,3,5,2,0,2,5,10,17799.5,0.040022,17966.27
5,67,2013,199940,269,1,0,1,5,2,0,5,2,0,0,0,12,16661.666666666668,0.040059,8820.49
15,16,2021,7913,149,0,2,2,1,1,0,3,0,0,2,5,4,1978.25,0.040247,15437.18
6,22,2016,95196,199,0,0,0,4,5,2,5,1,0,2,5,9,10577.333333333334,0.040035,12429.02
13,78,2011,119268,409,0,1,2,4,4,1,5,2,0,2,4,14,8519.142857142857,0.040133,24101.51
11,23,2016,110640,173,1,2,0,4,1,0,5,2,1,2,2,9,12293.333333333334,0.040006,13080.92
10,86,2019,126098,90,0,0,2,5,2,2,1,1,0,2,2,6,21016.33333333333,0.039318,8046.9
6,30,2017,205428,167,0,1,1,5,5,3,5,1,1,0,4,8,25678.5,0.040035,8677.64
6,22,2016,129999,183,0,0,0,4,0,1,2,2,1,2,2,9,14444.333333333334,0.040035,11858.94
24,102,2020,93665,270,1,1,1,6,2,3,3,1,1,0,3,5,18733.0,0.039842,29484.97
8,93,2018,86852,227,1,0,1,3,5,2,3,1,0,2,1,7,12407.42857142857,0.039754,19044.02
23,69,2015,151387,170,0,2,1,1,3,2,3,1,0,0,0,10,15138.7,0.040054,6593.66
1,7,2025,5131,288,1,2,0,5,0,3,1,2,1,2,3,1,5131.0,0.040022,47239.56
13,29,2020,89983,446,1,0,1,4,5,3,2,2,0,2,2,5,17996.6,0.040133,52512.93
0,89,2018,143106,233,1,1,0,4,5,3,3,2,0,2,4,7,20443.714285714286,0.040147,21037.15
14,77,2019,117478,282,0,1,2,5,4,2,2,1,0,0,0,6,19579.666666666668,0.039921,26060.45
15,16,2019,25139,127,0,2,1,4,0,3,5,2,0,2,3,6,4189.833333333333,0.040247,17083.73
24,97,2014,131459,309,0,1,2,4,4,0,2,2,0,0,3,11,11950.818181818182,0.039842,20291.78
17,79,2021,66931,136,1,2,1,3,4,3,1,2,1,0,3,4,16732.75,0.040217,15717.26
13,29,2017,70761,420,1,1,2,4,0,3,3,2,0,2,5,8,8845.125,0.040133,40889.08
12,41,2018,143559,157,0,2,2,5,0,3,4,2,1,0,1,7,20508.42857142857,0.040484,8712.2
6,22,2015,113960,200,0,0,0,4,1,0,5,2,1,2,1,10,11396.0,0.040035,12293.05
22,46,2020,90066,135,0,1,0,4,0,0,2,2,1,2,0,5,18013.2,0.039627,15176.34
3,35,2016,85518,371,0,0,0,5,0,3,5,2,0,0,2,9,9502.0,0.039847,30857.0
20,66,2012,300000,191,1,1,0,5,1,1,5,2,0,0,3,13,23076.92307692308,0.04023,1500.0
3,15,2018,142311,362,0,2,2,5,0,1,3,2,0,0,2,7,20330.14285714286,0.039847,32409.1
6,30,2016,63869,208,0,0,0,5,2,0,5,2,1,2,4,9,7096.555555555556,0.040035,15684.7
6,30,2023,4420,184,0,2,1,5,5,0,1,2,0,2,0,2,2210.0,0.040035,32123.28
20,27,2011,300000,124,0,2,0,4,4,3,5,2,1,0,2,14,21428.571428571428,0.04023,1500.0
20,40,2018,191001,143,1,2,0,4,5,2,5,1,1,2,5,7,27285.85714285714,0.04023,7338.87
1,8,2024,11688,276,1,1,2,4,5,3,1,2,0,1,3,1,11688.0,0.040022,47866.45
17,95,2019,52202,184,1,0,2,3,2,2,2,2,0,2,1,6,8700.333333333334,0.040217,16127.78
11,23,2019,84463,163,1,1,2,4,3,1,3,0,0,1,3,6,14077.166666666666,0.040006,12631.95
11,23,2013,289549,208,1,1,2,4,5,1,5,1,1,1,3,12,24129.08333333333,0.040006,1500.0
0,49,2022,32417,292,0,1,1,5,0,1,1,2,0,0,3,3,10805.666666666666,0.040147,44268.7
13,28,2013,168904,416,0,2,1,4,4,0,3,2,0,2,0,12,14075.333333333334,0.040133,23766.48
13,29,2016,120268,407,0,0,2,4,0,2,3,1,0,2,0,9,13363.111111111111,0.040133,30989.53
13,29,2019,104300,407,0,2,1,4,4,3,5,2,1,0,5,6,17383.333333333332,0.040133,46164.88
2,52,2018,41723,274,0,1,2,5,4,0,5,2,0,2,5,7,5960.428571428572,0.03984,31547.87
19,1,2014,226644,151,1,0,1,3,1,0,4,2,0,2,1,11,20604.0,0.040148,5925.3
5,3,2021,84876,243,0,2,1,5,1,1,1,2,0,0,0,4,21219.0,0.040059,26967.7
0,49,2015,163935,201,0,2,0,4,0,0,5,2,0,2,4,10,16393.5,0.040147,13366.89
22,46,2020,11662,155,1,0,0,5,1,1,4,2,0,0,3,5,2332.4,0.039627,22801.29
9,71,2007,232333,90,0,2,2,4,0,3,5,2,0,0,4,18,12907.388888888889,0.040015,1500.0
6,30,2019,124908,262,1,2,0,0,4,3,2,1,0,2,2,6,20818.0,0.040035,16611.78
5,67,2018,106904,227,0,2,2,2,2,0,2,2,0,2,2,7,15272.0,0.040059,18506.77
13,28,2014,75585,413,1,1,2,4,1,2,3,2,0,2,5,11,6871.363636363636,0.040133,31379.11
0,76,2018,38008,282,0,0,1,4,1,0,5,2,0,0,1,7,5429.714285714285,0.040147,27771.49
22,19,2011,181697,149,1,1,1,5,5,3,5,0,0,0,3,14,12978.357142857143,0.039627,1500.0
16,80,2017,64419,355,0,0,2,5,2,0,5,2,0,1,5,8,8052.375,0.039794,28302.86
18,68,2013,176242,462,0,2,0,5,2,2,5,2,1,2,3,12,14686.833333333334,0.04021,25186.61
8,104,2022,83618,220,0,0,1,3,1,2,3,1,0,2,1,3,27872.666666666668,0.039754,27867.9
1,8,2010,240103,330,0,0,2,4,4,3,5,0,0,0,0,15,16006.866666666669,0.040022,6999.21
6,30,2013,115395,168,0,2,1,5,2,3,3,2,0,1,0,12,9616.25,0.040035,7923.01
6,22,2016,136371,183,1,0,0,5,0,3,5,1,0,0,0,9,15152.333333333334,0.040035,11176.49
2,5,2017,179464,237,0,1,0,4,2,0,5,1,0,2,5,8,22433.0,0.03984,18552.54
5,67,2014,164993,229,1,2,2,5,3,3,3,2,0,0,4,11,14999.363636363636,0.040059,11858.6
17,95,2012,116973,139,1,2,1,3,5,1,5,2,1,2,3,13,8997.923076923076,0.040217,4588.08
16,31,2012,236519,326,0,0,0,4,3,0,3,2,0,0,0,13,18193.76923076923,0.039794,12816.17
21,61,2015,140662,358,1,1,1,4,0,1,5,2,1,2,1,10,14066.2,0.040226,23658.39
18,6,2011,237216,471,1,2,1,0,3,3,5,2,0,0,2,14,16944.0,0.04021,21791.48
4,85,2023,52889,180,0,2,0,0,1,2,1,0,1,2,1,2,26444.5,0.039982,18696.87
8,104,2016,101442,195,0,0,1,4,5,2,3,2,1,2,5,9,11271.333333333334,0.039754,15140.15
18,68,2010,74217,474,0,0,2,0,1,2,4,2,0,0,4,15,4947.8,0.04021,29486.28
13,28,2011,213993,372,0,0,0,4,2,3,5,1,0,2,1,14,15285.214285714286,0.040133,15067.36
21,58,2014,113086,376,1,1,1,4,1,1,5,2,0,2,4,11,10280.545454545454,0.040226,22680.36
18,54,2011,208527,488,0,2,1,0,2,3,3,2,0,2,0,14,14894.785714285714,0.04021,21403.39
10,86,2013,219669,164,0,1,0,4,0,1,5,2,0,0,5,12,18305.75,0.039318,1500.0
23,94,2013,188243,125,0,2,1,1,5,0,5,2,0,2,1,12,15686.916666666666,0.040054,2885.51
10,96,2025,4706,90,1,2,1,5,3,3,1,1,0,0,2,1,4706.0,0.039318,19380.23
4,85,2016,79782,187,1,0,2,0,5,2,5,2,0,2,5,9,8864.666666666666,0.039982,14176.32
0,76,2017,139628,178,1,2,2,4,4,3,5,2,0,0,0,8,17453.5,0.040147,19309.42
20,27,2025,5122,182,1,1,0,5,5,1,2,2,0,0,2,1,5122.0,0.04023,33596.47
17,83,2025,4718,161,1,2,0,3,1,0,1,2,0,1,3,1,4718.0,0.040217,23310.66
2,2,2018,137579,260,1,1,1,4,4,0,5,2,0,2,2,7,19654.14285714286,0.03984,24360.42
18,6,2016,125146,489,1,1,2,4,5,1,3,2,1,0,0,9,13905.111111111111,0.04021,39923.71
3,51,2018,138591,366,1,1,2,4,3,0,1,1,0,2,0,7,19798.714285714286,0.039847,29454.5
8,9,2019,75381,268,1,0,2,3,1,1,3,2,0,2,2,6,12563.5,0.039754,25938.47
4,34,2015,237228,198,0,1,1,5,3,1,5,2,0,0,4,10,23722.8,0.039982,6291.28
7,62,2017,141188,190,1,2,2,0,5,3,5,2,1,2,5,8,17648.5,0.039842,11166.36
2,99,2015,126196,267,1,2,2,0,2,2,5,2,0,0,4,10,12619.6,0.03984,20353.37
17,83,2016,70205,152,1,0,2,4,5,1,2,2,0,2,5,9,7800.555555555556,0.040217,10538.48
6,21,2025,500,208,0,2,1,5,3,3,1,2,0,0,0,1,500.0,0.040035,37008.47
18,20,2023,28761,499,1,2,2,5,3,3,1,2,1,1,4,2,14380.5,0.04021,67736.99
16,42,2017,123577,371,1,1,1,5,5,1,4,2,0,1,2,8,15447.125,0.039794,26053.69
11,25,2024,7350,207,0,0,2,4,0,2,1,2,1,2,2,1,7350.0,0.040006,34517.51
19,1,2019,90001,267,0,0,2,3,1,0,1,2,1,0,4,6,15000.166666666666,0.040148,23972.34
23,69,2021,43574,149,0,0,2,4,5,2,3,2,0,1,0,4,10893.5,0.040054,20330.83
5,3,2011,259809,150,1,1,2,2,0,3,5,2,0,1,4,14,18557.78571428572,0.040059,1500.0
7,37,2015,167146,125,0,2,0,4,3,3,5,2,0,1,1,10,16714.6,0.039842,6456.92
23,50,2020,82093,186,0,1,1,5,0,0,3,2,0,2,2,5,16418.6,0.040054,17189.74
21,61,2012,187214,340,0,1,0,4,0,0,4,2,0,0,3,13,14401.076923076924,0.040226,16639.6
4,34,2022,61010,223,1,1,0,4,2,1,4,2,0,0,2,3,20336.666666666668,0.039982,26360.08
1,73,2016,147554,335,1,1,2,0,3,3,5,2,0,2,1,9,16394.88888888889,0.040022,23614.89
17,11,2015,220221,171,1,2,2,5,0,2,2,2,1,0,0,10,22022.1,0.040217,2452.72
23,50,2018,85779,177,1,2,2,1,1,2,1,2,0,2,2,7,12254.142857142857,0.040054,14631.44
6,30,2014,182476,159,1,1,0,0,1,3,2,1,0,2,2,11,16588.727272727272,0.040035,6597.5
24,97,2015,115526,294,0,2,1,4,2,0,5,1,0,2,2,10,11552.6,0.039842,20917.01
21,61,2013,230962,339,1,1,1,4,4,3,2,2,0,1,2,12,19246.83333333333,0.040226,15051.71
20,27,2018,91631,189,1,1,0,5,3,2,4,2,1,2,1,7,13090.142857142857,0.04023,13827.3
2,100,2015,121038,299,0,0,0,4,2,3,4,1,0,0,0,10,12103.8,0.03984,19908.04
6,30,2025,3362,179,0,1,2,4,5,0,1,2,0,2,4,1,3362.0,0.040035,33688.51
6,30,2018,20193,166,0,0,0,4,2,0,2,2,0,1,5,7,2884.714285714286,0.040035,18624.13
22,19,2024,10035,133,1,1,1,3,4,2,1,2,0,0,2,1,10035.0,0.039627,24934.42
23,12,2023,37423,122,0,1,2,1,3,0,3,0,1,0,2,2,18711.5,0.040054,16708.82
14,47,2006,300000,311,0,2,0,5,0,3,5,2,1,2,4,19,15789.473684210529,0.039921,1500.0
7,38,2011,300000,239,1,0,2,4,4,3,5,1,1,0,2,14,21428.571428571428,0.039842,1500.0
13,28,2020,61972,446,0,1,1,4,5,3,4,2,0,2,0,5,12394.4,0.040133,53088.57
24,101,2018,151881,366,1,2,1,6,4,3,5,2,0,2,1,7,21697.28571428572,0.039842,27354.3
10,86,2016,172381,136,1,2,1,4,0,3,5,2,0,0,4,9,19153.444444444445,0.039318,4801.7
14,32,2020,110910,260,0,1,0,5,5,3,2,2,0,2,4,5,22182.0,0.039921,29816.36
16,80,2022,45962,347,1,0,1,0,0,3,1,2,0,2,0,3,15320.666666666666,0.039794,48787.66
24,81,2021,67038,289,0,2,0,5,2,1,5,2,0,2,0,4,16759.5,0.039842,38531.9
8,84,2017,115970,287,0,1,0,3,0,0,3,2,0,2,4,8,14496.25,0.039754,19298.23
14,63,2010,300000,256,0,2,0,4,3,3,4,2,0,2,5,15,20000.0,0.039921,2565.12
14,32,2023,57273,273,1,0,2,5,2,3,1,1,0,0,4,2,28636.5,0.039921,39468.72
2,5,2014,234285,264,0,1,2,5,0,0,5,2,0,2,4,11,21298.636363636364,0.03984,12016.24
13,78,2015,165812,428,0,0,2,4,1,0,4,2,0,0,3,10,16581.2,0.040133,31432.8
7,37,2014,236387,174,0,2,2,4,1,3,5,2,0,0,1,11,21489.727272727272,0.039842,3214.01
5,3,2018,110352,261,1,2,1,5,0,2,5,2,1,0,1,7,15764.57142857143,0.040059,20980.55
2,52,2022,6522,301,1,1,2,0,2,3,1,0,0,0,5,3,2174.0,0.03984,30982.5
10,82,2018,55655,137,1,2,2,4,5,1,2,1,1,1,4,7,7950.714285714285,0.039318,8690.93
10,96,2019,57636,139,0,0,0,4,2,2,3,1,1,0,1,6,9606.0,0.039318,13087.14
10,33,2011,256772,172,1,2,2,5,1,1,5,2,0,2,3,14,18340.85714285714,0.039318,1500.0
16,31,2016,174946,328,1,0,2,5,5,1,2,2,1,2,1,9,19438.444444444445,0.039794,22294.56
21,59,2015,180161,328,1,1,0,5,5,3,4,0,0,0,5,10,18016.1,0.040226,18697.62
20,27,2020,42393,194,0,2,0,5,0,1,2,0,1,2,2,5,8478.6,0.04023,15829.77
24,81,2016,155099,321,0,0,1,4,0,3,4,2,0,2,3,9,17233.222222222223,0.039842,24052.34
6,21,2024,22020,147,0,1,1,4,3,2,2,2,0,0,3,1,22020.0,0.040035,31468.79
15,57,2017,161121,162,1,2,1,1,1,1,5,2,0,2,2,8,20140.125,0.040247,8297.24
16,42,2022,46342,352,0,2,1,0,3,0,1,2,0,2,1,3,15447.333333333334,0.039794,47086.87
5,3,2025,1578,217,0,0,2,2,1,3,2,2,1,2,2,1,1578.0,0.040059,35068.24
5,67,2017,164157,235,0,1,2,2,2,0,1,2,0,2,5,8,20519.625,0.040059,13767.74
5,3,2017,167626,297,0,0,2,5,4,0,5,2,0,2,1,8,20953.25,0.040059,16207.33
16,31,2020,94646,330,1,1,1,0,1,0,1,1,0,2,0,5,18929.2,0.039794,29770.93
10,82,2010,146541,135,1,0,0,4,2,1,5,1,0,2,3,15,9769.4,0.039318,1551.51
0,89,2021,103914,247,1,2,0,5,4,3,3,2,1,0,1,4,25978.5,0.040147,30822.73
23,69,2018,89470,162,0,2,1,1,0,0,3,2,1,0,3,7,12781.42857142857,0.040054,14441.76
21,59,2017,225707,333,0,1,2,5,1,1,5,1,1,0,5,8,28213.375,0.040226,21672.94
3,15,2015,204779,304,1,1,2,5,4,3,3,2,0,2,0,10,20477.9,0.039847,21258.68
21,58,2021,70296,322,1,1,0,4,2,1,5,2,0,0,5,4,17574.0,0.040226,45934.81
6,30,2023,59389,179,0,1,2,0,5,1,1,2,0,2,1,2,29694.5,0.040035,27009.4
1,7,2017,187114,332,0,0,2,0,4,2,2,2,0,0,5,8,23389.25,0.040022,23012.16
17,83,2013,131066,153,0,2,0,3,0,0,3,2,0,2,1,12,10922.166666666666,0.040217,5344.96
14,63,2022,39341,276,1,2,0,4,0,1,4,1,0,2,2,3,13113.666666666666,0.039921,35914.0
17,11,2018,123070,154,1,0,1,5,0,3,4,2,0,2,5,7,17581.428571428572,0.040217,10068.16
14,47,2019,93522,282,0,1,0,5,1,2,5,2,1,0,5,6,15587.0,0.039921,30272.02
20,27,2024,17125,162,0,0,0,5,4,0,1,2,0,0,5,1,17125.0,0.04023,29960.25
10,96,2013,168727,155,1,2,1,5,0,0,5,2,1,2,2,12,14060.583333333334,0.039318,2676.2
3,35,2021,51095,359,1,1,0,5,0,0,2,2,0,0,1,4,12773.75,0.039847,48154.89
23,94,2007,238011,139,0,0,0,1,0,2,5,2,1,2,2,18,13222.833333333334,0.040054,1500.0
10,33,2020,96513,133,0,0,1,5,3,1,3,1,1,0,5,5,19302.6,0.039318,10339.28
1,74,2014,232328,315,1,0,0,4,0,3,5,2,0,0,4,11,21120.727272727272,0.040022,15035.77
18,68,2020,57444,483,1,2,1,0,2,2,2,2,0,0,4,5,11488.8,0.04021,55092.83
17,79,2020,87723,142,1,2,0,3,3,2,2,2,0,2,2,5,17544.6,0.040217,14199.54
10,96,2018,128771,138,0,0,0,5,0,1,4,2,0,0,2,7,18395.85714285714,0.039318,9794.67
22,90,2024,29259,90,0,2,2,5,3,0,1,2,1,0,2,1,29259.0,0.039627,25817.26
6,21,2022,55251,217,1,0,0,5,4,3,1,0,0,1,1,3,18417.0,0.040035,19088.71
3,15,2017,116878,404,0,2,1,5,1,2,4,2,0,2,1,8,14609.75,0.039847,29853.43
17,79,2011,103704,135,1,1,1,4,0,0,5,2,1,2,0,14,7407.428571428572,0.040217,4595.78
4,18,2025,2531,165,1,2,2,4,2,0,3,1,0,2,0,1,2531.0,0.039982,29771.11
4,55,2015,126955,242,1,2,0,5,5,3,5,2,0,2,1,10,12695.5,0.039982,12363.73
16,80,2011,220300,367,0,2,1,4,2,3,5,2,0,0,2,14,15735.714285714286,0.039794,13430.58
17,79,2017,147733,138,1,2,1,4,1,1,2,2,1,0,5,8,18466.625,0.040217,7548.32
1,72,2019,92201,314,0,1,1,0,1,0,1,2,1,1,3,6,15366.833333333334,0.040022,28367.55
19,0,2015,116197,238,1,2,0,3,3,3,1,2,0,2,3,10,11619.7,0.040148,15324.57
3,103,2016,157572,319,0,2,2,5,4,1,5,2,0,0,0,9,17508.0,0.039847,26122.99
11,23,2020,69665,190,1,1,0,4,5,0,1,2,0,1,5,5,13933.0,0.040006,19380.95
5,67,2014,138385,241,0,2,2,2,5,1,5,2,0,1,5,11,12580.454545454546,0.040059,11939.25
6,22,2018,128282,169,0,1,1,4,1,0,5,2,0,2,0,7,18326.0,0.040035,14035.85
11,25,2014,230863,155,0,1,1,4,1,2,3,1,0,2,5,11,20987.545454545456,0.040006,3995.66
7,38,2020,106031,181,0,1,1,5,2,2,2,2,1,0,2,5,21206.2,0.039842,17339.37
8,104,2016,94877,300,0,2,2,3,1,3,5,2,1,2,1,9,10541.888888888889,0.039754,17825.18
8,93,2011,166464,240,0,1,2,3,0,3,5,2,0,1,3,14,11890.285714285714,0.039754,6585.74
12,92,2017,97010,140,1,2,2,5,3,1,3,2,1,0,5,8,12126.25,0.040484,9969.66
14,77,2011,264989,287,0,1,1,5,3,3,5,2,0,0,1,14,18927.78571428572,0.039921,6570.64
5,3,2020,31586,215,1,0,2,2,3,2,1,2,0,0,1,5,6317.2,0.040059,28060.61
23,12,2010,153959,139,1,1,2,4,3,2,5,2,0,0,1,15,10263.933333333332,0.040054,2737.37
8,84,2015,102487,268,1,1,1,4,3,2,3,2,1,0,1,10,10248.7,0.039754,15813.04
11,45,2013,233721,170,0,1,1,4,2,2,3,2,1,0,3,12,19476.75,0.040006,3706.69
16,13,2022,14584,369,1,2,2,4,3,3,1,2,0,2,4,3,4861.333333333333,0.039794,44961.13
17,95,2015,209731,134,1,0,1,4,5,1,3,2,0,0,5,10,20973.1,0.040217,2081.08
16,13,2024,12186,342,1,2,1,4,0,3,1,2,0,0,3,1,12186.0,0.039794,56146.57
21,60,2016,69353,277,0,1,0,4,1,0,3,2,0,0,2,9,7705.888888888889,0.040226,32941.16
17,79,2020,103076,139,0,0,0,5,1,0,1,2,0,2,2,5,20615.2,0.040217,13215.7
8,9,2017,111168,223,0,2,1,3,2,3,3,2,0,2,5,8,13896.0,0.039754,17902.94
7,39,2012,191491,172,1,0,2,5,0,1,5,1,0,0,1,13,14730.076923076924,0.039842,3265.01
17,79,2013,18187,102,1,0,2,4,0,2,3,0,1,0,5,12,1515.5833333333333,0.040217,7170.56
4,85,2017,132657,181,0,0,1,3,5,2,3,2,0,0,2,8,16582.125,0.039982,11789.02
24,81,2019,104480,336,0,0,1,4,5,3,5,1,0,0,4,6,17413.333333333332,0.039842,28722.14
24,97,2020,102508,354,0,0,0,6,4,0,1,2,0,0,3,5,20501.6,0.039842,33450.05
1,73,2014,185914,303,1,2,0,5,0,0,5,1,1,2,5,11,16901.272727272728,0.040022,14475.56
18,68,2017,124042,443,0,2,1,0,2,2,5,2,0,0,1,8,15505.25,0.04021,38525.86
12,87,2009,228622,155,0,2,1,4,3,2,5,2,1,2,0,16,14288.875,0.040484,1500.0
21,61,2013,143323,394,1,1,1,4,5,1,5,2,0,1,5,12,11943.583333333334,0.040226,19865.47
8,93,2008,300000,239,1,0,0,3,1,3,5,2,0,2,2,17,17647.058823529413,0.039754,1500.0
1,8,2020,47056,303,1,2,0,4,3,3,3,2,0,0,1,5,9411.2,0.040022,38802.18
18,54,2021,47989,494,0,1,0,0,3,3,5,2,0,2,1,4,11997.25,0.04021,61705.84
10,82,2018,85936,141,1,0,0,4,4,2,5,2,0,1,3,7,12276.57142857143,0.039318,9985.59
9,71,2013,203483,118,0,1,2,4,5,1,4,1,0,0,1,12,16956.916666666668,0.040015,1500.0
16,13,2017,82800,268,1,0,1,4,3,1,5,2,0,0,4,8,10350.0,0.039794,30798.45
4,18,2022,34510,156,1,2,1,3,5,0,1,1,0,1,0,3,11503.333333333334,0.039982,20167.84
19,1,2022,34732,225,0,1,2,3,5,1,2,2,1,0,4,3,11577.333333333334,0.040148,29392.53
16,31,2022,5694,305,0,0,2,0,5,1,1,2,1,0,0,3,1898.0,0.039794,48161.64
8,9,2013,80162,210,1,2,1,3,5,1,5,2,1,2,4,12,6680.166666666667,0.039754,13650.96
5,67,2021,74978,179,0,2,2,2,4,0,1,2,0,2,5,4,18744.5,0.040059,25992.66
2,100,2017,118064,322,1,2,2,4,3,2,2,2,0,0,1,8,14758.0,0.03984,27030.13
4,18,2019,48939,167,0,0,1,3,3,1,1,2,0,0,5,6,8156.5,0.039982,21469.57
15,16,2014,210565,90,1,0,2,1,5,0,5,2,1,2,5,11,19142.272727272728,0.040247,1500.0
17,79,2015,95005,205,1,0,0,5,0,2,2,1,0,2,0,10,9500.5,0.040217,9133.23
17,83,2012,230030,129,1,0,1,4,4,2,5,2,0,0,0,13,17694.615384615383,0.040217,1500.0
8,9,2016,217119,260,0,2,2,4,4,1,4,2,1,0,4,9,24124.33333333333,0.039754,11744.26
21,60,2016,148308,325,1,1,0,5,5,3,3,2,0,1,5,9,16478.666666666668,0.040226,24667.24
7,62,2012,205929,162,1,2,2,4,1,3,5,2,0,0,5,13,15840.692307692309,0.039842,2748.5
2,52,2024,24575,311,1,1,2,4,0,1,1,2,1,0,0,1,24575.0,0.03984,45649.97
1,72,2020,88242,320,1,2,1,5,4,2,3,2,0,2,0,5,17648.4,0.040022,34673.32
0,76,2020,61239,197,1,0,2,4,1,3,2,2,1,0,2,5,12247.8,0.040147,30995.36
9,10,2018,89980,183,1,0,2,2,4,2,5,1,0,2,3,7,12854.285714285714,0.040015,11477.3
4,91,2015,104918,161,1,0,2,4,5,1,2,2,0,0,0,10,10491.8,0.039982,11131.59
3,103,2019,73037,331,0,1,2,5,5,0,2,2,0,1,0,6,12172.833333333334,0.039847,34856.08
10,82,2012,216930,117,1,2,1,5,3,3,5,2,0,0,3,13,16686.923076923078,0.039318,1500.0
24,97,2023,15793,280,1,0,1,5,3,2,1,0,0,2,2,2,7896.5,0.039842,32490.65
23,50,2015,87353,214,1,1,2,5,5,1,4,0,1,2,4,10,8735.3,0.040054,8770.54
21,60,2016,236157,371,1,1,0,5,4,3,2,2,1,0,1,9,26239.666666666668,0.040226,23914.04
15,57,2020,129536,189,0,2,1,5,3,1,2,1,1,1,3,5,25907.2,0.040247,11324.25
14,63,2019,76635,269,0,2,1,4,3,0,5,1,0,0,0,6,12772.5,0.039921,29171.39
23,69,2021,40827,148,1,0,2,4,3,0,3,2,0,2,5,4,10206.75,0.040054,20978.63
17,11,2013,269010,174,0,1,2,3,0,0,5,2,0,0,3,12,22417.5,0.040217,1500.0
0,76,2019,52946,287,0,1,1,4,2,0,5,2,1,2,2,6,8824.333333333334,0.040147,24979.9
7,38,2017,158687,218,1,0,2,4,3,2,5,0,0,2,4,8,19835.875,0.039842,9084.43
4,85,2011,189147,204,0,2,1,3,2,3,5,2,0,2,5,14,13510.5,0.039982,3794.56
6,22,2012,189762,206,1,1,0,0,0,0,5,2,1,0,3,13,14597.076923076924,0.040035,5566.05
0,53,2019,70174,242,1,1,0,4,1,1,1,2,1,2,3,6,11695.666666666666,0.040147,24468.66
12,87,2016,214898,155,1,2,2,5,1,0,5,2,1,2,1,9,23877.555555555555,0.040484,3014.03
15,56,2014,199479,117,1,1,0,1,4,2,5,2,0,0,5,11,18134.454545454544,0.040247,2359.79
19,4,2014,181989,183,1,0,2,3,3,3,5,2,0,0,1,11,16544.454545454544,0.040148,10006.35
10,96,2015,223879,119,1,0,2,4,0,0,3,2,0,0,3,10,22387.9,0.039318,1500.0
23,94,2022,58382,154,0,2,1,4,0,0,4,2,0,1,4,3,19460.666666666668,0.040054,19270.02
0,53,2018,139498,269,1,0,0,5,5,3,4,1,1,2,5,7,19928.28571428572,0.040147,19256.89
0,49,2020,109421,276,0,1,0,5,2,3,4,2,1,0,4,5,21884.2,0.040147,28307.24
20,66,2018,88619,192,1,2,0,4,0,1,5,2,1,0,2,7,12659.857142857143,0.04023,14725.56
9,10,2016,148877,118,0,1,2,4,5,3,5,2,1,2,0,9,16541.88888888889,0.040015,6278.52
7,62,2015,151761,189,1,1,1,0,0,1,5,0,0,2,5,10,15176.1,0.039842,6216.97
11,23,2011,201265,176,0,2,2,4,3,2,4,2,0,2,3,14,14376.07142857143,0.040006,3598.1
3,35,2012,238190,302,0,0,0,4,4,1,5,2,0,0,3,13,18322.30769230769,0.039847,12922.4
14,77,2016,162282,257,0,0,2,4,3,1,5,2,0,0,5,9,18031.33333333333,0.039921,21552.16
6,22,2015,145741,175,0,2,2,0,5,3,4,2,0,0,4,10,14574.1,0.040035,10747.63
22,19,2013,132182,142,1,1,1,5,0,0,4,2,0,2,5,12,11015.166666666666,0.039627,5850.32
5,67,2016,164150,191,1,1,2,5,1,0,5,1,1,2,3,9,18238.88888888889,0.040059,10455.73
22,75,2011,231547,131,1,1,1,5,3,2,5,2,0,2,3,14,16539.071428571428,0.039627,1500.0
20,66,2012,262704,216,1,0,0,4,3,0,5,1,1,1,1,13,20208.0,0.04023,1500.0
18,54,2019,87234,442,1,2,1,5,0,0,3,2,1,1,5,6,14539.0,0.04021,39618.77
11,23,2015,40340,217,0,2,1,4,0,1,5,2,0,2,1,10,4034.0,0.040006,17637.6
6,21,2018,39538,213,0,1,1,4,4,3,3,2,1,0,1,7,5648.285714285715,0.040035,21637.88
12,88,2015,209121,122,0,2,0,5,5,3,5,2,1,2,5,10,20912.1,0.040484,1772.4
1,73,2019,58300,304,0,0,1,4,4,3,3,2,0,2,4,6,9716.666666666666,0.040022,35771.65
6,22,2019,87946,199,1,0,1,4,4,0,5,2,0,1,1,6,14657.666666666666,0.040035,17786.73
15,56,2013,150530,207,1,1,2,5,1,3,5,2,1,2,1,12,12544.166666666666,0.040247,5395.5
12,41,2021,58892,118,1,2,2,5,0,3,4,2,1,0,1,4,14723.0,0.040484,16206.45
19,4,2021,42278,177,0,1,2,3,3,1,3,2,0,2,5,4,10569.5,0.040148,29139.52
4,55,2025,4043,176,0,0,0,5,5,1,4,2,0,2,3,1,4043.0,0.039982,30731.62
9,10,2019,82337,161,0,1,0,4,5,2,2,2,1,2,4,6,13722.833333333334,0.040015,13967.63
19,0,2010,193020,195,1,1,2,3,3,0,5,1,0,0,2,15,12868.0,0.040148,4089.59
20,48,2010,290036,192,1,2,0,5,4,1,5,2,1,2,1,15,19335.733333333334,0.04023,1500.0
22,19,2020,66048,144,0,2,0,5,3,3,4,2,0,2,0,5,13209.6,0.039627,16047.08
5,3,2018,123630,250,1,0,0,5,2,3,3,2,0,2,0,7,17661.428571428572,0.040059,17046.07
20,48,2025,500,151,0,0,0,5,5,0,1,1,0,0,5,1,500.0,0.04023,27619.62
23,94,2012,300000,150,0,2,1,1,1,3,5,2,0,2,5,13,23076.92307692308,0.040054,1500.0
16,80,2015,140926,345,1,1,0,5,0,2,4,2,0,0,0,10,14092.6,0.039794,23967.83
12,41,2019,90328,147,1,2,1,5,0,3,2,2,0,2,0,6,15054.666666666666,0.040484,12829.62
13,78,2020,74160,404,1,1,0,4,3,3,3,2,1,0,4,5,14832.0,0.040133,45744.67
2,5,2020,97145,285,1,1,1,4,5,3,4,1,0,0,2,5,19429.0,0.03984,33856.64
20,40,2013,215741,182,1,1,0,5,2,1,5,2,1,2,3,12,17978.416666666668,0.04023,2791.75
13,29,2020,50054,357,0,2,1,4,1,2,2,2,1,2,3,5,10010.8,0.040133,49667.73
16,31,2019,97394,355,0,1,1,5,1,3,5,1,0,2,0,6,16232.333333333334,0.039794,29008.13
10,33,2023,43224,176,1,2,0,4,5,0,1,2,0,0,2,2,21612.0,0.039318,21902.48
19,4,2012,141246,249,1,1,1,3,1,2,5,2,1,0,2,13,10865.076923076924,0.040148,10665.85
7,37,2014,153947,132,1,0,1,0,0,0,4,2,0,2,1,11,13995.181818181818,0.039842,6173.3
3,103,2014,233859,323,0,0,0,5,1,2,4,2,1,2,2,11,21259.90909090909,0.039847,14985.77
7,38,2024,13003,141,1,0,1,5,4,0,2,2,0,0,0,1,13003.0,0.039842,29627.03
13,78,2020,50988,441,0,0,0,4,0,0,5,2,1,1,4,5,10197.6,0.040133,42223.72
8,93,2019,5561,188,1,1,1,3,1,2,2,2,0,2,4,6,926.8333333333334,0.039754,27906.45
3,51,2011,250173,306,1,2,0,5,0,1,5,0,1,1,2,14,17869.5,0.039847,6477.96
20,40,2013,173765,156,0,1,0,5,0,3,5,2,0,2,3,12,14480.416666666666,0.04023,4489.46
24,81,2014,57358,268,1,1,1,4,3,2,5,1,0,0,1,11,5214.363636363636,0.039842,22157.17
4,34,2019,95326,161,0,1,2,4,0,0,2,2,0,2,5,6,15887.666666666666,0.039982,18237.36
13,78,2018,127367,456,1,2,2,4,2,0,5,2,1,2,4,7,18195.28571428572,0.040133,38097.44
20,48,2021,82141,135,1,2,0,4,3,3,3,2,0,2,2,4,20535.25,0.04023,20213.06
17,95,2020,90687,149,1,2,0,3,4,2,1,1,0,0,5,5,18137.4,0.040217,13653.01
24,97,2015,161376,312,1,2,2,4,1,3,5,2,1,2,1,10,16137.6,0.039842,18588.69
13,29,2022,30429,371,1,1,1,4,5,0,5,2,1,2,4,3,10143.0,0.040133,56504.19
6,30,2021,81389,195,1,0,1,0,3,2,3,2,0,2,0,4,20347.25,0.040035,21982.0
8,9,2015,88469,257,1,2,1,3,1,3,5,2,1,1,5,10,8846.9,0.039754,13990.23
16,80,2013,93539,325,1,1,2,4,5,1,5,0,0,2,3,12,7794.916666666667,0.039794,16385.02
11,98,2021,82246,185,1,0,1,4,2,0,1,2,0,2,4,4,20561.5,0.040006,22035.75
2,5,2015,137141,283,1,0,1,0,0,2,5,2,0,2,5,10,13714.1,0.03984,18572.54
19,1,2020,16971,205,1,0,2,3,3,0,2,2,0,2,2,5,3394.2,0.040148,27668.07
21,58,2011,211961,323,0,1,0,5,5,2,5,1,1,0,5,14,15140.07142857143,0.040226,13139.82
6,21,2013,76889,250,0,1,0,0,0,2,2,2,0,2,3,12,6407.416666666667,0.040035,12935.75
23,69,2014,47630,145,1,2,1,1,4,2,5,2,0,0,2,11,4330.0,0.040054,12518.42
4,34,2021,62113,227,1,0,2,0,3,2,2,2,0,2,4,4,15528.25,0.039982,23158.47
3,51,2018,175314,321,1,0,0,5,2,1,1,1,1,2,3,7,25044.85714285714,0.039847,24451.03
14,47,2015,108302,297,1,0,1,4,4,2,5,2,0,0,3,10,10830.2,0.039921,20802.43
11,23,2013,149467,195,1,0,1,4,1,3,5,2,1,2,1,12,12455.583333333334,0.040006,8239.42
21,60,2016,49518,356,0,1,2,4,5,3,5,2,1,0,2,9,5502.0,0.040226,30035.26
16,42,2015,77954,316,1,2,0,4,5,0,5,1,1,2,4,10,7795.4,0.039794,20746.27
6,30,2011,286238,177,1,1,2,4,1,2,3,2,1,0,2,14,20445.571428571428,0.040035,1500.0
0,76,2016,169647,221,0,2,2,4,3,3,4,2,1,0,5,9,18849.666666666668,0.040147,15636.24
11,45,2021,91363,223,1,1,2,4,3,2,2,0,1,0,5,4,22840.75,0.040006,18304.71
12,92,2018,73722,105,0,2,1,5,5,2,4,2,0,2,3,7,10531.714285714286,0.040484,11799.86
24,81,2021,84329,262,1,2,2,6,2,0,4,2,0,2,2,4,21082.25,0.039842,38104.28
8,84,2012,300000,227,0,2,0,4,0,1,5,2,0,2,1,13,23076.92307692308,0.039754,1781.93
8,9,2015,115510,265,0,2,0,3,4,1,5,1,0,2,2,10,11551.0,0.039754,15098.76
2,5,2019,127676,335,0,2,0,0,0,3,3,2,1,2,2,6,21279.33333333333,0.03984,27785.29
24,97,2016,128221,299,0,2,2,4,1,1,4,2,1,2,2,9,14246.777777777776,0.039842,23050.51
19,0,2019,76823,201,1,2,2,3,5,3,2,1,0,0,5,6,12803.833333333334,0.040148,20395.15
5,67,2011,227564,212,1,1,0,2,5,1,5,2,1,2,2,14,16254.57142857143,0.040059,3440.01
23,69,2014,262152,123,0,1,1,4,3,2,5,2,0,2,3,11,23832.0,0.040054,1500.0
11,23,2022,21515,136,0,2,2,4,5,3,1,1,0,2,0,3,7171.666666666667,0.040006,27423.48
20,40,2018,102443,169,1,1,0,4,2,0,5,2,0,0,1,7,14634.714285714286,0.04023,14867.05
23,12,2022,14338,90,1,1,2,1,5,0,3,2,0,0,3,3,4779.333333333333,0.040054,22611.02
7,38,2023,21372,126,1,2,0,0,1,3,1,1,0,1,2,2,10686.0,0.039842,22267.1
5,3,2017,191217,258,0,2,2,2,5,0,5,2,1,2,1,8,23902.125,0.040059,12674.12
9,24,2021,37249,133,0,2,2,4,1,0,3,2,1,0,1,4,9312.25,0.040015,18023.61
12,87,2015,158010,121,0,2,0,5,5,0,4,2,0,1,1,10,15801.0,0.040484,3907.97
8,93,2020,46133,185,1,2,0,4,0,2,4,2,1,0,2,5,9226.6,0.039754,26794.87
1,74,2021,63170,319,0,0,1,5,5,3,1,2,1,2,1,4,15792.5,0.040022,35426.12
15,56,2019,23853,130,1,2,2,5,2,2,4,2,1,0,5,6,3975.5,0.040247,17091.0
21,58,2015,135815,324,0,1,1,4,2,0,3,1,0,0,5,10,13581.5,0.040226,23516.08
6,21,2020,81789,255,0,0,1,5,1,2,2,2,1,0,4,5,16357.8,0.040035,22867.74
23,12,2017,112752,93,1,1,0,4,2,2,5,2,0,2,4,8,14094.0,0.040054,9974.52
15,16,2011,300000,133,1,2,0,1,3,3,5,1,1,2,4,14,21428.571428571428,0.040247,1500.0
1,8,2018,90696,325,1,0,2,4,5,3,5,2,0,1,3,7,12956.57142857143,0.040022,27930.73
10,82,2021,76020,124,1,2,1,4,4,1,1,2,0,2,5,4,19005.0,0.039318,15298.81
19,4,2015,120365,227,0,0,1,3,5,1,5,2,1,2,1,10,12036.5,0.040148,13139.58
7,37,2020,65383,166,1,0,0,4,2,0,4,2,0,2,2,5,13076.6,0.039842,21303.27
16,31,2025,1865,324,0,0,2,0,2,0,1,1,0,2,2,1,1865.0,0.039794,48756.25
24,97,2016,145122,294,1,2,2,5,4,1,5,2,0,2,4,9,16124.666666666666,0.039842,21214.3
23,44,2021,46778,153,1,0,1,1,2,3,1,2,0,2,2,4,11694.5,0.040054,18463.87
11,23,2022,18806,183,0,2,1,4,5,1,4,2,1,0,4,3,6268.666666666667,0.040006,28012.27
10,86,2016,150316,142,1,1,2,5,0,0,5,0,1,2,1,9,16701.777777777777,0.039318,3744.64
16,13,2016,120370,374,1,0,2,0,1,0,3,1,0,2,1,9,13374.444444444443,0.039794,22332.69
9,24,2013,146669,199,1,0,1,4,3,2,5,0,0,2,0,12,12222.416666666666,0.040015,4261.34
12,88,2025,2503,142,0,1,0,4,1,2,1,2,1,0,2,1,2503.0,0.040484,24050.73
3,35,2013,156803,411,1,2,2,4,4,2,5,1,0,1,5,12,13066.916666666666,0.039847,15762.12
1,74,2023,27790,323,1,1,1,5,2,1,1,2,0,2,3,2,13895.0,0.040022,46768.2
24,102,2017,84109,271,1,0,0,4,2,0,5,2,0,1,4,8,10513.625,0.039842,23826.41
11,98,2023,37457,184,0,1,1,4,5,0,1,2,0,2,5,2,18728.5,0.040006,28680.08
19,1,2015,91086,214,0,0,1,3,4,1,5,2,1,0,4,10,9108.6,0.040148,15031.37
21,61,2022,19571,357,0,1,0,5,5,3,2,1,0,2,2,3,6523.666666666667,0.040226,45573.86
23,94,2017,177496,205,1,0,1,5,4,0,5,2,0,2,1,8,22187.0,0.040054,9098.34
0,76,2022,69164,234,0,0,1,5,1,3,1,2,0,2,2,3,23054.666666666668,0.040147,33633.89
13,78,2014,114027,446,1,2,0,4,2,0,5,2,0,2,5,11,10366.09090909091,0.040133,29683.11
15,16,2016,187519,206,1,1,1,4,5,0,2,2,1,0,0,9,20835.444444444445,0.040247,6286.47
20,40,2012,84949,177,1,0,0,4,2,0,5,2,0,0,5,13,6534.538461538462,0.04023,8882.37
21,59,2018,109213,338,1,1,1,5,4,3,4,1,1,0,2,7,15601.857142857143,0.040226,31765.68
5,3,2016,4162,219,0,1,1,5,4,0,5,2,0,2,1,9,462.44444444444446,0.040059,21416.41
17,70,2015,170981,127,0,0,0,4,1,2,3,2,1,0,3,10,17098.1,0.040217,3859.24
9,14,2018,144723,132,0,2,1,2,1,0,5,1,0,2,1,7,20674.714285714286,0.040015,8505.08
12,41,2022,45397,132,0,0,1,4,5,3,3,1,1,0,5,3,15132.333333333334,0.040484,17681.54
16,13,2017,107931,283,0,0,0,4,2,3,4,2,0,2,4,8,13491.375,0.039794,27958.61
22,19,2022,62944,200,0,2,1,3,2,2,3,2,0,0,5,3,20981.33333333333,0.039627,22037.92
17,83,2019,109281,147,1,0,1,4,4,2,5,2,1,1,1,6,18213.5,0.040217,10412.16
7,39,2018,94143,196,0,0,1,4,5,2,4,2,0,2,1,7,13449.0,0.039842,16030.22
9,24,2019,168828,162,1,0,1,2,2,1,4,2,1,0,5,6,28138.0,0.040015,8790.8
9,64,2024,7671,156,1,1,2,2,3,0,5,2,1,2,1,1,7671.0,0.040015,24107.65
9,64,2012,222905,164,1,0,1,2,5,2,5,2,1,2,5,13,17146.53846153846,0.040015,1500.0
17,95,2017,201637,116,0,1,2,4,5,2,4,2,1,0,1,8,25204.625,0.040217,4106.87
13,28,2015,120678,414,1,2,1,4,3,3,4,1,0,0,5,10,12067.8,0.040133,32153.53
19,1,2016,183696,209,0,2,0,3,2,3,5,0,0,0,5,9,20410.666666666668,0.040148,9191.85
12,87,2012,280046,182,1,1,2,5,5,1,5,1,1,0,2,13,21542.0,0.040484,1500.0
8,9,2021,65349,170,0,2,2,4,0,2,1,2,0,0,5,4,16337.25,0.039754,27227.54
16,80,2009,220415,322,0,1,0,5,5,2,5,0,0,2,0,16,13775.9375,0.039794,7112.87
13,78,2020,135697,400,1,1,2,4,4,1,4,1,0,2,0,5,27139.4,0.040133,41265.44
12,92,2014,191197,97,1,2,0,5,4,0,5,2,1,2,3,11,17381.545454545456,0.040484,1500.0
13,29,2024,16362,425,1,1,0,4,3,2,2,2,0,2,2,1,16362.0,0.040133,70796.08
